1;Kreowanie wizerunku w biznesie i polityce (CD) autor: Grażyna Białopiotrowicz;audiobooki;1;1;38;zł;24.45;1;1;1;http://www.matras.pl/media/catalog/product/k/r/kreowanie_wizerunku_w_biznesie_i_polityce_cd_IMAGE1_252146.jpg;1;autor:Grażyna Białopiotrowicz 
2;Pamiętniki Tatusia Muminka (CD) autor: Tove Jansson;audiobooki;1;1;60;zł;16772;1;1;1;http://www.matras.pl/media/catalog/product/p/a/pamietniki_tatusia_muminka_cd_IMAGE1_255746_3.jpg;1;autor:Tove Jansson 
3;Kocha. lubi. szanuje. czyli jeszcze o uczuciach (CD) autor: Grzegorz Kasdepke;audiobooki;1;1;82;zł;17.31;1;1;1;http://www.matras.pl/media/catalog/product/k/o/kocha__lubi__szanuje__czyli_jeszcze_o_uczuciach_cd_IMAGE1_247498_3.jpg;1;autor:Grzegorz Kasdepke 
4;Kafka nad morzem (CD) autor: Haruki Murakami;audiobooki;1;1;29;zł;28.54;1;1;1;http://www.matras.pl/media/catalog/product/k/a/kafka_nad_morzem_cd_IMAGE1_257715.jpg.jpg;1;autor:Haruki Murakami 
5;Mariamne (CD) autor: Par Lagerkvist;audiobooki;1;1;6;zł;23.72;1;1;1;http://www.matras.pl/media/catalog/product/m/a/mariamne_cd_IMAGE1_255365.jpg.jpg;1;autor:Par Lagerkvist 
6;Myszy i ludzie (CD) autor: John Steinbeck;audiobooki;1;1;82;zł;20.44;1;1;1;http://www.matras.pl/media/catalog/product/m/y/myszy_i_ludzie_cd_IMAGE1_247776.jpg.jpg;1;autor:Jerzy Niemczuk 
7;Cienka czerwona linia (2DVD MP3) autor: Jones James;audiobooki;1;1;46;zł;28.61;1;1;1;http://www.matras.pl/media/catalog/product/f/i/file_147670.jpg;1;autor:Lucy Maud Montgomery 
8;Bajki Pana Bałagana (CD MP3) autor: Jerzy Niemczuk;audiobooki;1;1;65;zł;18.95;1;1;1;http://www.matras.pl/media/catalog/product/f/i/file_144970.jpg;1;autor:Carlos Ruiz Zafon 
9;Ania z Zielonego Wzgórza (CD MP3) autor: Lucy Maud Montgomery;audiobooki;1;1;99;zł;28.54;1;1;1;http://www.matras.pl/media/catalog/product/a/n/ania_z_zielonego_wzgorza_cd_mp3_IMAGE1_227706_4.jpg;1;autor:Janusz A. Zajdel 
10;Książę Mgły (CD MP3) autor: Carlos Ruiz Zafon;audiobooki;1;1;94;zł;20.45;1;1;1;http://www.matras.pl/media/catalog/product/f/i/file_139107.jpg;1;autor:Henryk Sienkiewicz 
11;Kamienie na szaniec (CD) autor: Aleksander Kamiński;audiobooki;1;1;97;zł;20.45;1;1;1;http://www.matras.pl/media/catalog/product/k/a/kamienie_na_szaniec_cd_IMAGE1_213579_3.jpg;1;autor:Aleksander Kamiński 
12;Potop (3CD) autor: Henryk Sienkiewicz;audiobooki;1;1;32;zł;23.20;1;1;1;http://www.matras.pl/media/catalog/product/p/o/potop_3cd_IMAGE1_213562_6.jpg;1;autor:Henryk Sienkiewicz 
13;Cylinder van Troffa (CD) autor: Janusz A. Zajdel;audiobooki;1;1;78;zł;20.36;1;1;1;http://www.matras.pl/media/catalog/product/f/i/file_99883.jpg;1;autor:Janusz A. Zajdel 
14;Limes inferior (CD) autor: Janusz A. Zajdel;audiobooki;1;1;66;zł;20.36;1;1;1;http://www.matras.pl/media/catalog/product/f/i/file_99871.jpg;1;autor:James Curwood 
15;Pan Wołodyjowski (CD) autor: Henryk Sienkiewicz;audiobooki;1;1;68;zł;20.00;1;1;1;http://www.matras.pl/media/catalog/product/p/a/pan_wolodyjowski_cd_IMAGE1_213563.jpg;1;autor:James Curwood 
16;Łowcyota (CD) autor: James Curwood;audiobooki;1;1;77;zł;20.44;1;1;1;http://www.matras.pl/media/catalog/product/f/i/file_99621.jpg;1;autor:James Curwood 
17;Bari. syn szarej Wilczycy (CD) autor: James Curwood;audiobooki;1;1;50;zł;20.44;1;1;1;http://www.matras.pl/media/catalog/product/f/i/file_99598.jpg;1;autor: 
18;Tato 2CD/mp3 autor: William Wharton;audiobooki;1;1;21;zł;28.70;1;1;1;http://www.matras.pl/media/catalog/product/f/i/file_99576.jpg;1;autor:Sławomir Mrożek 
19;Szara wilczyca (CD) autor: James Curwood;audiobooki;1;1;44;zł;20.44;1;1;1;http://www.matras.pl/media/catalog/product/f/i/file_99560.jpg;1;autor:Nele Neuhaus 
20;Immunitet (Audiobook) autor: ;audiobooki;1;1;97;zł;30.36;1;1;1;http://www.matras.pl/media/catalog/product/I/M/IMG1496313590209_57008_4.jpg;1;autor:Elżbieta Cherezińska 
21;Śnieżka musi umrzeć (CD) autor: Nele Neuhaus;audiobooki;1;1;77;zł;28.54;1;1;1;http://www.matras.pl/media/catalog/product/s/n/sniezka_musi_umrzec_cd_IMAGE1_286273_3.jpg;1;autor:Peter Robinson 
22; Narkotyki. anoreksja i inne sekrety (CD) autor: Beata Pawlikowska;audiobooki;1;1;30;zł;30.36;1;1;1;http://www.matras.pl/media/catalog/product/e/a/ea459ad212d2ad877a7c8bfa83d2525d_2.jpg;1;autor:Ewa Cielesz 
23;Turniej cieni(Audiobook) autor: Elżbieta Cherezińska;audiobooki;1;1;60;zł;36.72;1;1;1;http://www.matras.pl/media/catalog/product/I/M/IMG1487596597062_75978_5.jpg;1;autor:Ewa Cielesz 
24;Tomek Sawyer jako detektyw (Audiobook) autor: Mark Twain;audiobooki;1;1;39;zł;43070;1;1;1;http://www.matras.pl/media/catalog/product/I/M/IMG1487596395484_69718_5.jpeg;1;autor:David Gordon 
25;Pupy. ogonki i kuperki(Audiobook) autor: Mikołaj Golachowski;audiobooki;1;1;66;zł;24.45;1;1;1;http://www.matras.pl/media/catalog/product/I/M/IMG1487596190375_13407_5.jpg;1;autor:Mateusz Lemberg 
26;Detektyw Blomkvist (CD) autor: Astrid Lindgren;audiobooki;1;1;15;zł;28.61;1;1;1;http://www.matras.pl/media/catalog/product/I/M/IMG1474287238866_85212_2.jpg;1;autor:Agata Mańczyk 
27;Jolka Jolka pamiętasz (CD) autor: Marek Dutkiewicz;audiobooki;1;1;1;zł;30.36;1;1;1;http://www.matras.pl/media/catalog/product/e/4/e405ea511dea10804654b47110b8f61f.jpg;1;autor:Adam Cyra 
28;Śmierć frajerom (audiobook) autor: Grzegorz Kalinowski;audiobooki;1;1;99;zł;39.06;1;1;1;http://www.matras.pl/media/catalog/product/a/2/a2f2ef26ebd228897ab6d52b67d1e1d5_1.jpg;1;autor:Magdalena Witkiewicz 
29; Baśniobór. Plaga cieni autor: Brandon Mull;audiobooki;1;1;78;zł;42761;1;1;1;http://www.matras.pl/media/catalog/product/9/8/98a4e0d6a0fe9b705df4d7bb9b2b87ec_2.jpg;1;autor:Ignacy Karpowicz 
30;Dziewczęta i kobiety (CD) autor: Alice Munro;audiobooki;1;1;49;zł;21.66;1;1;1;http://www.matras.pl/media/catalog/product/I/M/IMG1467013644099_19128.jpg;1;autor:Beata Pawlikowska 
31;Ja to ja. Ty to Ty (CD) autor: Ewa Bukowska;audiobooki;1;1;99;zł;16.35;1;1;1;http://www.matras.pl/media/catalog/product/I/M/IMG1467014982801_39665_1.jpg;1;autor:Mark Twain 
32;Sezon niewinnych (CD) autor: Samuel Bjørk;audiobooki;1;1;24;zł;30.36;1;1;1;http://www.matras.pl/media/catalog/product/d/d/dd96915df663a30d5f851fadc40499b9_3.jpg;1;autor:Ks. Jan Kaczkowski 
33;Zagadka Orfeusza autor: Tom Harper;audiobooki;1;1;22;zł;30.36;1;1;1;http://www.matras.pl/media/catalog/product/f/3/f312050e828ea621b50f79cec6ede7b5_1.jpg;1;autor:Astrid Lindgren 
34;Jesteśem autor: Roberto Constantini;audiobooki;1;1;53;zł;34.71;1;1;1;http://www.matras.pl/media/catalog/product/I/M/IMG1464096171523_12255_1.jpg;1;autor:Mikołaj Golachowski 
35;Success and Change. Audiobook. CD autor: Mateusz Grzesiak;audiobooki;1;1;41;zł;28.54;1;1;1;http://www.matras.pl/media/catalog/product/3/1/315aff9bf2b46c1f782d2c5923ef7990_2.jpg;1;autor:Elżbieta Cherezińska 
36;O wojnie. Podręcznik stratega. Audiobook. CD autor: Carl von Clausewitz;audiobooki;1;1;12;zł;31.89;1;1;1;http://www.matras.pl/media/catalog/product/4/b/4b15723cc08817e12a630c0dea50f4c9_3.jpg;1;autor:Marek Dutkiewicz 
37;Gen sprzedawcy. Jak obudzić w sobie wrodzone umiejętności ha... autor: Robert Zych;audiobooki;1;1;57;zł;33.93;1;1;1;http://www.matras.pl/media/catalog/product/7/9/7916247f42e0d771f0b7642219f92a65_2.jpg;1;autor:Dorota Dziedzic-Chojnacka 
38;GURU KULTU..RY. Audiobook. CD autor: Michał Wawrzyniak;audiobooki;1;1;99;zł;28.54;1;1;1;http://www.matras.pl/media/catalog/product/2/5/25307321ec1538189b8682bac3e08a5a_2.jpg;1;autor:Amelia Noguera 
39;Gawędy o sztuce sakralnej autor: Bożena Fabiani;audiobooki;1;1;59;zł;34.71;1;1;1;http://www.matras.pl/media/catalog/product/I/M/IMG1461064589734_12474_2.jpg;1;autor:Grzegorz Kalinowski 
40;Tajemnice starego pałacu. Duch z Niewiadomic(CD) autor: Katarzyna Majgier;audiobooki;1;1;9;zł;20.41;1;1;1;http://www.matras.pl/media/catalog/product/9/8/98df6ffc1ee308e4e2fef04cce20b7cc_4.jpg;1;autor:Brandon Mull 
41;Zarobić milion idąc pod prąd (CD) autor: Jakub B. Bączek;audiobooki;1;1;93;zł;33.93;1;1;1;http://www.matras.pl/media/catalog/product/I/M/IMG1470039682610_62405.jpg;1;autor:Alice Munro 
42;Baśniobór. Gwiazda Wieczorna wschodzi (CD) autor: Brandon Mull;audiobooki;1;1;9;zł;24.45;1;1;1;http://www.matras.pl/media/catalog/product/5/4/547bc2aa996c48f4e9d80289c80db509_2.jpg;1;autor:Max Bliski 
43;Baśniobór (CD) autor: Brandon Mull;audiobooki;1;1;39;zł;24.45;1;1;1;http://www.matras.pl/media/catalog/product/i/m/importexcel_Basniobor--BMull--front300dpi_4.jpg;1;autor:Elżbieta Spadzińska-Żak 
44;Mały Książę (CD) autor: Antoine de Saint Exupery;audiobooki;1;1;12;zł;16.27;1;1;1;http://www.matras.pl/media/catalog/product/i/m/importexcel_Maly-Ksiaze--A-de-Saint-Exupery--front300dpi_3.jpg;1;autor:Dorota Ponińska 
45;Jak być ogierem do końca życia (CD) autor: Hanna Bakuła;audiobooki;1;1;88;zł;43004;1;1;1;http://www.matras.pl/media/catalog/product/I/M/IMG1455716403462_95647_3.jpg;1;autor:Piotr Kulpa 
46;Śmierć słowika (CD) autor: Lene Kaaberbol;audiobooki;1;1;55;zł;27.72;1;1;1;http://www.matras.pl/media/catalog/product/9/4/9422271c35638c7c1b915a61fa3cf559_5.jpg;1;autor:Evan Currie 
47;Śpiewająca lipka. Bajki Słowian Zachodnich (CD) autor: Agnete Friis;audiobooki;1;1;15;zł;23.72;1;1;1;http://www.matras.pl/media/catalog/product/e/2/e274256fe4101508be2388a466608817_1.jpg;1;autor:Martyna Senator 
48;Sprawa Niny Frank (CD) autor: Opracowanie zbiorowe;audiobooki;1;1;68;zł;28.54;1;1;1;http://www.matras.pl/media/catalog/product/a/2/a2c8d2b763735ea66a48f4f8ad77cd21_3.jpg;1;autor:Axel Munthe 
49;Zjawa (CD) autor: Katarzyna Bonda;audiobooki;1;1;53;zł;29.49;1;1;1;http://www.matras.pl/media/catalog/product/d/b/dbd6f86561d6756a1bf3ecb3e1b236b8.jpg;1;autor:Sylwia Trojanowska 
50;O marszach. Ciocia Jadzia zaprasza do wspólnego słuchania mu... autor: Michael Punke;audiobooki;1;1;58;zł;20.36;1;1;1;http://www.matras.pl/media/catalog/product/e/d/edd209647467e411eab56689fa860440_1.jpg;1;autor:Marcin Przybyłek 
51;Dzielna Kajsa (CD) autor: Jadwiga Mackiewicz;audiobooki;1;1;71;zł;21.66;1;1;1;http://www.matras.pl/media/catalog/product/2/f/2fcd60b23294dac0af6f35f2aec8fec4_1.jpg;1;autor:Wiesława Bancarzewska 
52;Długa chwila ciszy (CD) autor: Astrid Lindgren;audiobooki;1;1;74;zł;27.72;1;1;1;http://www.matras.pl/media/catalog/product/a/0/a0395a5c7ed859de74e029f118dd9d11_2.jpg;1;autor:Roberto Constantini 
53;Seniorzy w natarciu (CD) autor: Paul Colize;audiobooki;1;1;47;zł;27.72;1;1;1;http://www.matras.pl/media/catalog/product/4/2/420a5ef36933a9abadde92e0e4f8fe3c_3.jpg;1;autor:Tom Harper 
54;Lider sprzedaży. Jak angażować handlowców w aktywną sprzedaż... autor: Catharina Ingelman-Sundberg;audiobooki;1;1;91;zł;44.97;1;1;1;http://www.matras.pl/media/catalog/product/8/9/89c19544cd1bc732f3c26dd8e4ede268_2.jpg;1;autor:John Gray 
55;Nawyk samodyscypliny. Zaprogramuj wewnętrznego stróża (CD) autor: Robert Zych;audiobooki;1;1;42;zł;26.16;1;1;1;http://www.matras.pl/media/catalog/product/7/7/7745170fd7f34800064bae3d90c8371b_3.jpg;1;autor:Dorota Ponińska 
56;Bądź pro! 7 kroków do mistrzostwa w marketingu sieciowym (CD) autor: Neil Fiore;audiobooki;1;1;77;zł;23.72;1;1;1;http://www.matras.pl/media/catalog/product/9/0/9089a15419e8658f32ffa913f20d97b2_3.jpg;1;autor:Marcin Przybyłek 
57;Caryca (CD) autor: Eric Worre;audiobooki;1;1;78;zł;27.72;1;1;1;http://www.matras.pl/media/catalog/product/4/b/4be312429f141302deff86de26e87604_4.jpg;1;autor:Arkady Saulski 
58;Dziewiąty Mag. Dziedzictwo (CD) autor: Ellen Alpsten;audiobooki;1;1;75;zł;20.41;1;1;1;http://www.matras.pl/media/catalog/product/6/4/64f44a529b4c54bb1bb534e4f2b99881_2.jpg;1;autor:Antoni Ferdynand Ossendowski 
59;O króliku. który chce zasnąć (CD) autor: A.R. Reystone;audiobooki;1;1;12;zł;16.27;1;1;1;http://www.matras.pl/media/catalog/product/0/e/0e60362522071a0ad5f097fb79314113_3.jpg;1;autor:Konrad T. Lewandowski 
60;Klasa pani Czajki (CD) autor: Carl-Johan Forssen-Ehrlin;audiobooki;1;1;73;zł;24.45;1;1;1;http://www.matras.pl/media/catalog/product/i/m/importexcel_Klasa-Pani-Czajki--MKPiekarska--front300dpi_3.jpg;1;autor:Jan Kochańczyk 
61;Klasa pani Czajki (CD) autor: Małgorzata Karolina Piekarska;audiobooki;1;1;8;zł;24.45;1;1;1;http://www.matras.pl/media/catalog/product/i/m/importexcel_Klasa-Pani-Czajki--MKPiekarska--front300dpi_3.jpg;1;autor:Antoni Ferdynand Ossendowski 
62;Niebo istnieje naprawdę (CD) autor: Todd Burpo;audiobooki;1;1;82;zł;20.36;1;1;1;http://www.matras.pl/media/catalog/product/e/d/ed750d6973b4a4357d52bab37abdf520_2.jpg;1;autor:Konrad T. Lewandowski 
63;Pożegnalny ukłon (CD) autor: Lynn Vincent;audiobooki;1;1;15;zł;28.54;1;1;1;http://www.matras.pl/media/catalog/product/i/m/importexcel_Pozegnalny-uklon--ACDoyle--front300dpi_1.jpg;1;autor:Jan Kochańczyk 
64;Przygody Sherlocka Holmesa (CD) autor: Arthur Conan Doyle;audiobooki;1;1;9;zł;28.54;1;1;1;http://www.matras.pl/media/catalog/product/i/m/importexcel_Przygody-Sherlocka-Holmesa--ACDoyle--front300dpi_1.jpg;1;autor:Swietłana Aleksijewicz 
65;Księga Dżungli (CD) autor: Arthur Conan Doyle;audiobooki;1;1;43;zł;25.23;1;1;1;http://www.matras.pl/media/catalog/product/I/M/IMG1480423252524_50722.jpg;1;autor:Michał Wawrzyniak 
66;Kapitularz Diuną (CD) autor: Rudyard Kipling;audiobooki;1;1;34;zł;32.63;1;1;1;http://www.matras.pl/media/catalog/product/4/1/4137d6a9ba2a7026b76b9f693667ad92_1.jpg;1;autor:Mateusz Grzesiak 
67;Dziewiąty Mag. Zdrada (CD) autor: Frank Herbert;audiobooki;1;1;36;zł;20.41;1;1;1;http://www.matras.pl/media/catalog/product/I/M/IMG1449658016241_71049_1.jpg;1;autor:Carl von Clausewitz 
68;Wilk (CD) autor: A.R. Reystone;audiobooki;1;1;83;zł;20.41;1;1;1;http://www.matras.pl/media/catalog/product/I/M/IMG1449660501396_78200_1.jpg;1;autor:Robert Zych 
69;Ziele na kraterze (CD) autor: Katarzyna Berenika Miszczuk;audiobooki;1;1;46;zł;24.50;1;1;1;http://www.matras.pl/media/catalog/product/I/M/IMG1449750754586_73562_2.jpg;1;autor:Bożena Fabiani 
70;Biblioteka sukcesu Briana Tracy (5 CD) autor: Melchior Wańkowicz;audiobooki;1;1;4;zł;76.79;1;1;1;http://www.matras.pl/media/catalog/product/d/1/d10a9d1908ef07236186070734b19918.jpg;1;autor:Wiesława Bancarzewska 
71;Mania czy Ania (CD) autor: Brian Tracy;audiobooki;1;1;9;zł;28.61;1;1;1;http://www.matras.pl/media/catalog/product/5/c/5cae685c3ef3ae63984f2b771721fd6c_2.jpg;1;autor:Konrad T. Lewandowski 
72;Michałek z pudełka od zapałek (CD) autor: Erich Kastner;audiobooki;1;1;41;zł;28.61;1;1;1;http://www.matras.pl/media/catalog/product/4/a/4a9c64ac4713d71e1926c2a8badcda54_2.jpg;1;autor:Katarzyna Majgier 
73;W pierścieniu ognia (CD) autor: Erich Kastner;audiobooki;1;1;23;zł;23.72;1;1;1;http://www.matras.pl/media/catalog/product/I/M/IMG1449225968402_58030_16.jpg;1;autor:Evan Currie 
74;Baśnie chińskie. Żółty smok (CD) autor: Suzanne Collins;audiobooki;1;1;12;zł;23.72;1;1;1;http://www.matras.pl/media/catalog/product/I/M/IMG1449229227562_15994_15.jpg;1;autor:Kennedy Hudner 
75;Opowieści z Narnii. Koń i jego chłopiec (CD) autor: Opracowanie zbiorowe;audiobooki;1;1;19;zł;20.45;1;1;1;http://www.matras.pl/media/catalog/product/4/3/4307085d8d6b5ab4ee982932e4b6fd72_15.jpg;1;autor:Katarzyna Majgier 
76;Opowieści z Narnii. Ostatnia bitwa (CD) autor: C.S. Lewis;audiobooki;1;1;80;zł;20.45;1;1;1;http://www.matras.pl/media/catalog/product/1/3/132161994a2d9b2b47fe42a672e6fda6_16.jpg;1;autor:Eugeniusz Dębski 
77;Kobiety wokół Stalina. Kochanki i katorżniczki (CD) autor: C.S. Lewis;audiobooki;1;1;36;zł;24.50;1;1;1;http://www.matras.pl/media/catalog/product/f/c/fc544a3d8b52bb42ee3241795b9de57f.jpg;1;autor:Beata Dębska 
78;Lobotomia 3.0. Trzydzieści lat holocaustu prawdy o jego śmie... autor: Elwira Watała;audiobooki;1;1;31;zł;17.31;1;1;1;http://www.matras.pl/media/catalog/product/f/a/fad9862653b4a350960259770f37194b.jpg;1;autor:Rafał Witek 
79;Ostatni. który umrze (CD) autor: Wojciech Sumliński;audiobooki;1;1;100;zł;27.48;1;1;1;http://www.matras.pl/media/catalog/product/I/M/IMG1446556138118_23777_5.jpg;1;autor:Pierce Brown 
80;Szamo (CD) autor: Tess Gerritsen;audiobooki;1;1;47;zł;30.36;1;1;1;http://www.matras.pl/media/catalog/product/I/M/IMG1452768584407_91244.jpg;1;autor:Renata Kosin 
81;Szamo (CD) autor: Krzysztof Stanowski;audiobooki;1;1;93;zł;30.36;1;1;1;http://www.matras.pl/media/catalog/product/I/M/IMG1452768584407_91244.jpg;1;autor:Henryk Sienkiewicz 
82;Ziemiomorze. Tom 3. Najdlaszy brzeg (CD) autor: Grzegorz Szamotulski;audiobooki;1;1;83;zł;42761;1;1;1;http://www.matras.pl/media/catalog/product/2/d/2d2f8473517c2c18010832844639df26.jpg;1;autor:Brandon Mull 
83;Ziemiomorze. Tom 1. Czarnoksiężnik z Archipelagu (CD) autor: Ursula Le Giun;audiobooki;1;1;35;zł;42761;1;1;1;http://www.matras.pl/media/catalog/product/9/6/9639da801d20d23e83a8905879b24dc8.jpg;1;autor:Antoine de Saint Exupery 
84;Ziemiomorze. Tom 4. Tehanu (CD) autor: Ursula Le Guin;audiobooki;1;1;39;zł;24.45;1;1;1;http://www.matras.pl/media/catalog/product/0/3/03d3722b1e6671209f5981a7089d711c_1.jpg;1;autor:Brandon Mull 
85;Kino Venus (CD) autor: Ursula K. Le Guin;audiobooki;1;1;54;zł;30.36;1;1;1;http://www.matras.pl/media/catalog/product/a/d/ad0432341c13988321151059ed2ca489.jpg;1;autor:Honoriusz Balzak 
86;Wszyscy ludzie przez cały czas (CD) autor: Marcin Wroński;audiobooki;1;1;39;zł;30.36;1;1;1;http://www.matras.pl/media/catalog/product/5/0/50074eb708720a7d39c6384b28081319.jpg;1;autor:Jacek Illg 
87;Animal Rationale. Jak zwierzęta mogą nas inspirować autor: Marta Guzowska;audiobooki;1;1;61;zł;32.63;1;1;1;http://www.matras.pl/media/catalog/product/I/M/IMG1441787748068_85930_5.jpg;1;autor:Weronika Łęcka 
88;Zero to one. Notatki o Start-upach. czyli jak budować przysz... autor: Paweł Fortuna;audiobooki;1;1;3;zł;34.71;1;1;1;http://www.matras.pl/media/catalog/product/6/8/68fbe4ea6c4cb190d94dea7a4485d4d4.jpg;1;autor:Stanisław Ignacy Witkiewicz 
89;O psie. który jeździł koleją (CD) autor: Peter Thiel;audiobooki;1;1;28;zł;31.92;1;1;1;http://www.matras.pl/media/catalog/product/5/5/559197a2898b2518269588c729e24acf_3.jpg;1;autor:Zbiorowa Praca 
90;Cztery pory baśni. Zima 3 (CD) autor: Blake Masters;audiobooki;1;1;22;zł;20.36;1;1;1;http://www.matras.pl/media/catalog/product/b/c/bc280e25b587513eef54c920bb30e4e2_2.jpg;1;autor:Maciej Wojtyszko 
91;Do usług szanownej pani (CD) autor: Roman Pisarski;audiobooki;1;1;61;zł;27.72;1;1;1;http://www.matras.pl/media/catalog/product/6/4/64627fd90d15907de92118ec3bd90e03_1.jpg;1;autor:Rafał Witek 
92;Złoto i uszy króla Midasa. Mity greckie dla dzieci 2 (CD) autor: Włodzimierz Dulemba;audiobooki;1;1;35;zł;20.36;1;1;1;http://www.matras.pl/media/catalog/product/6/7/67acc2f47085431fa0f785c1b882c4b0_3.jpg;1;autor:Hanna Bakuła 
93;Śliczna i mądra czyli Atena. Mity greckie dla dzieci 3 (CD) autor: Gilles Legardinier;audiobooki;1;1;74;zł;20.36;1;1;1;http://www.matras.pl/media/catalog/product/6/5/652341ae38f8094dc1ac4e44dadb2983_4.jpg;1;autor:Lene Kaaberbol 
94;Stowarzyszenie Umarłych Poetów (CD) autor: Grzegorz Kasdepke;audiobooki;1;1;2;zł;42761;1;1;1;http://www.matras.pl/media/catalog/product/a/3/a304bb835d419bae0128b819044a59de.jpg;1;autor:Agnete Friis 
95;Sprostowanie (CD) autor: Grzegorz Kasdepke;audiobooki;1;1;69;zł;27.72;1;1;1;http://www.matras.pl/media/catalog/product/I/M/IMG1445419753668_37459_5.jpg;1;autor:Luis Montero 
96;Złota Księga Bajek. Baśnie klasyczne (2CD) autor: N.H. Kleinbaum;audiobooki;1;1;82;zł;20.00;1;1;1;http://www.matras.pl/media/catalog/product/0/5/05c17a07e84a7f1b60a29b34b41b2f72.jpg;1;autor:Hanna Cygler 
97;Zamach na Margaret Thatcher (CD) autor: Renée Knight;audiobooki;1;1;2;zł;27.72;1;1;1;http://www.matras.pl/media/catalog/product/I/M/IMG1445420296345_40491_5.jpg;1;autor:Opracowanie zbiorowe 
98;35 maja (CD) autor: Opracowanie Zbiorowe;audiobooki;1;1;3;zł;28.61;1;1;1;http://www.matras.pl/media/catalog/product/5/e/5e8b2fdd90faecabc061789298f2d74d.jpg;1;autor:Katarzyna Bonda 
99;Śmiercionośny upominek (CD) autor: Hilary Mantel;audiobooki;1;1;69;zł;27.72;1;1;1;http://www.matras.pl/media/catalog/product/I/M/IMG1443439634673_21995.jpg;1;autor:Michael Punke 
100;Myśl jak FREAK! (CD) autor: Erich Kastner;audiobooki;1;1;42;zł;28.54;1;1;1;http://www.matras.pl/media/catalog/product/I/M/IMG1488286401234_36195.jpg;1;autor:Jadwiga Mackiewicz 
101;Dlaczego... Odpowiedzi na pozornie łatwe pytania autor: Maria Szarf;dla dzieci;1;1;72;zł;25.86;1;0;1;http://www.matras.pl/media/catalog/product/d/l/dlaczego_odpowiedzi_na_pozornie_latwe_pytania_IMAGE1_190834_1.jpg;0;autor:Barbara Kosmowska 
102;Pamiętniki Tatusia Muminka (CD) autor: Anna Michalak;dla dzieci;1;1;96;zł;16772;1;0;1;http://www.matras.pl/media/catalog/product/p/a/pamietniki_tatusia_muminka_cd_IMAGE1_255746_3.jpg;0;autor:Simon Francesca 
103;Zabawy z reniferem. Książka edukacyjna 4-6 lat autor: Tove Jansson;dla dzieci;1;1;97;zł;42675;1;0;1;http://www.matras.pl/media/catalog/product/z/a/zabawy_z_reniferem_ksiazka_edukacyjna_46_lat_IMAGE1_270615.jpg;0;autor:Michał Rusinek 
104;Malowanki dla chłopców autor: ;dla dzieci;1;1;61;zł;16862;1;0;1;http://www.matras.pl/media/catalog/product/m/a/malowanki_dla_chlopcow_IMAGE1_261812_5.jpg;0;autor:Maria Szarf 
105;Paryż dla młodych podróżników. Przewodnik ilustrowany autor: ;dla dzieci;1;1;92;zł;42760;1;0;1;http://www.matras.pl/media/catalog/product/p/a/paryz_dla_mlodych_podroznikow_przewodnik_ilustrowany_IMAGE1_259887_1.jpg;0;autor:Anna Michalak 
106;Poczytaj mi babciu. Księga 1. Dziewczynka z zapałkami. Jaś i... autor: Marta Spingardi;dla dzieci;1;1;3;zł;32964;1;0;1;http://www.matras.pl/media/catalog/product/p/o/poczytaj_mi_babciu_ksiega_1_dziewczynka_z_zapalkami_jas_i_malgosia_IMAGE1_257889.jpg;0;autor:Andrzej Maleszka 
107;Wszystko. co można zrobić z modeliny. plasteliny. koralików autor: ;dla dzieci;1;1;36;zł;20.83;1;0;1;http://www.matras.pl/media/catalog/product/w/s/wszystko__co_mozna_zrobic_z_modeliny__plasteliny__koralikow_IMAGE1_257101_1.jpg;0;autor:Marek Kamiński 
108;Tytus. Romek i A'Tomek jako warszawscy powstańcy 1944 autor: Aniela Cholewińska-Szkolik;dla dzieci;1;1;36;zł;31.47;1;0;1;http://www.matras.pl/media/catalog/product/t/y/tytus__romek_i_atomek_jako_warszawscy_powstancy_1944__IMAGE1_255997_3.jpg;0;autor:Irena Landau 
109;One piece. Tom 10 autor: Henryk Jerzy Chmielewski;dla dzieci;1;1;22;zł;16.53;1;0;1;http://www.matras.pl/media/catalog/product/o/n/one_piece_tom_10_IMAGE1_252207.jpg.jpg;0;autor:Tove Jansson 
110;Martynka poznaje świat. 8 fascynujących opowiadań autor: Eiichiro Oda;dla dzieci;1;1;95;zł;29.20;1;0;1;http://www.matras.pl/media/catalog/product/m/a/martynka_poznaje_swiat_8_fascynujacych_opowiadan_IMAGE1_252066.jpg.jpg;0;autor:Jovanka Tomaszewska 
111;Encyklopedia wiedzy dla dzieci autor: Gilbert Delahaye;dla dzieci;1;1;22;zł;38.83;1;0;1;http://www.matras.pl/media/catalog/product/e/n/encyklopedia_wiedzy_dla_dzieci_IMAGE1_250469_5.jpg;0;autor:Wojciech Kołyszko 
112;Ferdynand Wspaniały autor: ;dla dzieci;1;1;14;zł;42760;1;0;1;http://www.matras.pl/media/catalog/product/f/e/ferdynand_wspanialy_IMAGE1_250477.jpg;0;autor:Oscar Brenifier 
113;Powiedz komuś! autor: Ludwik Jerzy Kern;dla dzieci;1;1;71;zł;15.92;1;0;1;http://www.matras.pl/media/catalog/product/p/o/powiedz_komus_IMAGE1_249763_1.jpg;0;autor:Renata Piątkowska 
114;Kochana mamusia autor: Elżbieta Zubrzycka;dla dzieci;1;1;95;zł;16.69;1;0;1;http://www.matras.pl/media/catalog/product/k/o/kochana_mamusia_IMAGE1_248701.jpg.jpg;0;autor: 
115;Mój pierwszy słownik frazeologiczny autor: Agnieszka Frączek;dla dzieci;1;1;37;zł;44136;1;0;1;http://www.matras.pl/media/catalog/product/m/o/moj_pierwszy_slownik_frazeologiczny_IMAGE1_248617_1.jpg;0;autor: 
116;One piece. Tom 9. Łzy autor: Elen Lescoat;dla dzieci;1;1;91;zł;16.53;1;0;1;http://www.matras.pl/media/catalog/product/o/n/one_piece_tom_9_lzy_IMAGE1_246075.jpg.jpg;0;autor:Marta Spingardi 
117;Domowe przedmioty. Malowanki dla dzieci od lat 2 autor: Lucyna Szary;dla dzieci;1;1;99;zł;16862;1;0;1;http://www.matras.pl/media/catalog/product/d/o/domowe_przedmioty_malowanki_dla_dzieci_od_lat_2_IMAGE1_245154.jpg;0;autor: 
118;Angielski dla dzieci. Piosenki do słuchania. śpiewania i wsp... autor: Eiichiro Oda;dla dzieci;1;1;75;zł;19.16;1;0;1;http://www.matras.pl/media/catalog/product/a/n/angielski_dla_dzieci_piosenki_do_sluchania__spiewania_i_wspolnej_nauki__cd_IMAGE1_241524.jpg;0;autor:Aniela Cholewińska-Szkolik 
119;Jak to na wojence... Opowieść wigilijna autor: ;dla dzieci;1;1;18;zł;17137;1;0;1;http://www.matras.pl/media/catalog/product/j/a/jak_to_na_wojence_opowiesc_wigilijna_IMAGE1_240542.jpg_4.jpg;0;autor:Henryk Jerzy Chmielewski 
120;Magiczne drzewo. Olbrzym autor: ;dla dzieci;1;1;16;zł;29.20;1;0;1;http://www.matras.pl/media/catalog/product/m/a/magiczne_drzewo_olbrzym_IMAGE1_239649_2.jpg;0;autor:Eiichiro Oda 
121;Jak być genialną dziewczyną! autor: Irene Colas;dla dzieci;1;1;15;zł;14.62;1;0;1;http://www.matras.pl/media/catalog/product/j/a/jak_byc_genialna_dziewczyna_IMAGE1_239455.jpg;0;autor: 
122;Sekret Wielkiego Mistrza. Kroniki Archeo autor: Magali Fournier;dla dzieci;1;1;56;zł;42760;1;0;1;http://www.matras.pl/media/catalog/product/s/e/sekret_wielkiego_mistrza_kroniki_archeo_IMAGE1_239452.jpg;0;autor:Elżbieta Zubrzycka 
123;Domowe lekcje malucha. Zanim pójdę do szkoły. Najlepszy pomo... autor: Agnieszka Stelmaszyk;dla dzieci;1;1;47;zł;33208;1;0;1;http://www.matras.pl/media/catalog/product/d/o/domowe_lekcje_malucha_zanim_pojde_do_szkoly_najlepszy_pomocnik_rodzicow_IMAGE1_238124_5.jpg;0;autor:Agnieszka Frączek 
124;Zaprzęg Świętego Mikołaja. Gwiazdkowe plakaty do kolorowania autor: ;dla dzieci;1;1;84;zł;18476;1;0;1;http://www.matras.pl/media/catalog/product/z/a/zaprzeg_swietego_mikolaja_gwiazdkowe_plakaty_do_kolorowania_IMAGE1_237946_1.jpg;0;autor:Elen Lescoat 
125;Księżniczki. 100 kreatywnych zabaw i gier autor: ;dla dzieci;1;1;78;zł;17.50;1;0;1;http://www.matras.pl/media/catalog/product/k/s/ksiezniczki_100_kreatywnych_zabaw_i_gier_IMAGE1_237803_6.jpg;0;autor:Lucyna Szary 
126;One piece. Tom 7. Gówniany dziadyga autor: Andrea Pinnington;dla dzieci;1;1;10;zł;16.53;1;0;1;http://www.matras.pl/media/catalog/product/o/n/one_piece_tom_7_gowniany_dziadyga_IMAGE1_236678.jpg_1.jpg;0;autor:Eiichiro Oda 
127;Bajkowa drużyna + CD autor: Eiichiro Oda;dla dzieci;1;1;59;zł;43099;1;0;1;http://www.matras.pl/media/catalog/product/b/a/bajkowa_druzyna__cd_IMAGE1_236305.jpg_4.jpg;0;autor: 
128;Zabawa i nauka. Poziom: 6 lat autor: Kasia Klich;dla dzieci;1;1;42;zł;21976;1;0;1;http://www.matras.pl/media/catalog/product/z/a/zabawa_i_nauka_poziom_6_lat_IMAGE1_235851_62.jpg;0;autor: 
129;Zabawa i nauka. Poziom: 5 lat autor: Ewa Sajek;dla dzieci;1;1;99;zł;21976;1;0;1;http://www.matras.pl/media/catalog/product/z/a/zabawa_i_nauka_poziom_5_lat_IMAGE1_235850.jpg;0;autor:Edward Słoński 
130;One piece. Tom 6. Przysięga autor: Ewa Sajek;dla dzieci;1;1;59;zł;16.53;1;0;1;http://www.matras.pl/media/catalog/product/o/n/one_piece_tom_6_przysiega_IMAGE1_233317.jpg_2.jpg;0;autor:Andrzej Maleszka 
131;Paradoks bazyliszka autor: Eiichiro Oda;dla dzieci;1;1;40;zł;19.24;1;0;1;http://www.matras.pl/media/catalog/product/f/i/file_140062.jpg;0;autor:Irene Colas 
132;Urodziny Zosi. Historyjki z szablonami i kredkami autor: Andrzej Żak;dla dzieci;1;1;88;zł;16.65;1;0;1;http://www.matras.pl/media/catalog/product/f/i/file_135290.jpg;0;autor:Magali Fournier 
133;Oj. Hela! autor: ;dla dzieci;1;1;35;zł;18.32;1;0;1;http://www.matras.pl/media/catalog/product/o/j/oj__hela_IMAGE1_221383.jpg;0;autor: 
134;Rady nie od parady czyli wierszyki z morałem autor: Barbara Stenka;dla dzieci;1;1;76;zł;21.34;1;0;1;http://www.matras.pl/media/catalog/product/r/a/rady_nie_od_parady_czyli_wierszyki_z_moralem_IMAGE1_218526_3.jpg;0;autor:Andrea Pinnington 
135;Nowa koleżanka. Zaczynam czytać z Martynką autor: Małgorzata Strzałkowska;dla dzieci;1;1;22;zł;32051;1;0;1;http://www.matras.pl/media/catalog/product/n/o/nowa_kolezanka_zaczynam_czytac_z_martynka_IMAGE1_215452_1.jpg;0;autor:Eiichiro Oda 
136;103 zadania. Rozwiązuję i zgaduję. 4-6 lat autor: ;dla dzieci;1;1;68;zł;20668;1;0;1;http://www.matras.pl/media/catalog/product/f/i/file_100030.jpg;0;autor:Kasia Klich 
137;Moda. Wicinanki autor: ;dla dzieci;1;1;97;zł;18719;1;0;1;http://www.matras.pl/media/catalog/product/f/i/file_95733.jpg;0;autor:Ewa Sajek 
138;Moja pierwsza encyklopedia zwierząt autor: ;dla dzieci;1;1;81;zł;21.54;1;0;1;http://www.matras.pl/media/catalog/product/f/i/file_10502.jpg;0;autor:Ewa Sajek 
139;Duże różowe słońce + CD.  Najłatwiejsze ciasto w świecie + CD autor: ;dla dzieci;1;1;91;zł;42760;1;0;1;http://www.matras.pl/media/catalog/product/f/i/file_10109.jpg;0;autor:Eiichiro Oda 
140;Nieba za domem autor: Marta Kotecka;dla dzieci;1;1;79;zł;43033;1;0;1;http://www.matras.pl/media/catalog/product/f/i/file_25601.jpg;0;autor:Andrzej Żak 
141;W świecie ptaków autor: Łukasz Libiszewski;dla dzieci;1;1;45;zł;34943;1;0;1;http://www.matras.pl/media/catalog/product/f/i/file_32197.jpg;0;autor: 
142;Łowcy smoków autor: ;dla dzieci;1;1;47;zł;24.26;1;0;1;http://www.matras.pl/media/catalog/product/f/i/file_34179.jpg;0;autor: 
143;Wesołe abecadło autor: ;dla dzieci;1;1;81;zł;27851;1;0;1;http://www.matras.pl/media/catalog/product/f/i/file_82866.jpg;0;autor: 
144;Kajtuś opiekuje się Rózią autor: ;dla dzieci;1;1;67;zł;29129;1;0;1;http://www.matras.pl/media/catalog/product/k/a/kajtus_opiekuje_sie_rozia_IMAGE1_255065.jpg;0;autor:Marta Kotecka 
145;Ludwik Jerzy Kern. Wiersze autor: Jerzy Kern;dla dzieci;1;1;86;zł;32051;1;0;1;http://www.matras.pl/media/catalog/product/l/u/ludwik_jerzy_kern_wiersze_IMAGE1_190647_2.jpg;0;autor: 
146;Tato a dlaczego? 50 prostych odpowiedzi na piekelnie trudne ... autor: Wojciech Mikołuszko;dla dzieci;1;1;95;zł;30.27;1;0;1;http://www.matras.pl/media/catalog/product/t/a/tato_a_dlaczego_50_prostych_odpowiedzi_na_piekelnie_trudne_pytania_IMAGE1_200482_5.jpg;0;autor:Gaute Heivoll 
147;Bon czy ton. Savoir-vivre dla dzieci autor: Grzegorz Kasdepke;dla dzieci;1;1;77;zł;22.50;1;0;1;http://www.matras.pl/media/catalog/product/b/o/bon_czy_ton_savoirvivre_dla_dzieci_IMAGE1_210231_5.jpg;0;autor:Łukasz Libiszewski 
148;Brzechwa dzieciom autor: Jan Brzechwa;dla dzieci;1;1;31;zł;26.69;1;0;1;http://www.matras.pl/media/catalog/product/b/r/brzechwa_dzieciom_IMAGE1_211978_1.jpg;0;autor: 
149;Mao Zedong. Buntownik. który przewodził rewolucji autor: Flora Geyer;dla dzieci;1;1;81;zł;32905;1;0;1;http://www.matras.pl/media/catalog/product/m/a/mao_zedong_buntownik__ktory_przewodzil_rewolucji_IMAGE1_206682.jpg;0;autor: 
150;Pan Kuleczka autor: Wojciech Widłak;dla dzieci;1;1;98;zł;20.83;1;0;1;http://www.matras.pl/media/catalog/product/p/a/pan_kuleczka_IMAGE1_47383_1.jpg;0;autor: 
151;Cudowna lampa Aladyna opowiem ci bajkę... autor: ;dla dzieci;1;1;12;zł;28185;1;0;1;http://www.matras.pl/media/catalog/product/placeholder/default/matras_zaslepka1_7.png;0;autor:Paweł Wakuła 
152;Mądry maluszek. Kącik 2-latka. Książeczka z nalepkami autor: Weronika Goszczyńska;dla dzieci;1;1;16;zł;42831;1;0;1;http://www.matras.pl/media/catalog/product/m/a/madry_maluszek_kacik_2latka_ksiazeczka_z_nalepkami_IMAGE1_200451_51.jpg;0;autor:Opracowanie zbiorowe 
153;50 najpiękniejszych opowieści. Klasyka dla dzieci autor: Praca Zbiorowa;dla dzieci;1;1;39;zł;33.38;1;0;1;http://www.matras.pl/media/catalog/product/5/0/50_najpiekniejszych_opowiesci_klasyka_dla_dzieci_IMAGE1_210595.jpg;0;autor:Flora Geyer 
154;Jestem z Jezusem. Pamiątka Pierwszej Komunii Świętej autor: ;dla dzieci;1;1;78;zł;42821;1;0;1;http://www.matras.pl/media/catalog/product/j/e/jestem_z_jezusem_pamiatka_pierwszej_komunii_swietej_IMAGE1_49020.jpg;0;autor:Megan McDonald 
155;Angielski z Franklinem. Angielsko-polski słownik obrazkowy. ... autor: Patrycja Zarawska;dla dzieci;1;1;71;zł;29129;1;0;1;http://www.matras.pl/media/catalog/product/a/n/angielski_z_franklinem_angielskopolski_slownik_obrazkowy_tom_3_ms_IMAGE1_250763.jpg.jpg;0;autor: 
156;Gospodarstwo. Dzieciaki pytają. 3/6 lat autor: Agnes Vandewiele;dla dzieci;1;1;20;zł;17137;1;0;1;http://www.matras.pl/media/catalog/product/g/o/gospodarstwo_dzieciaki_pytaja_36_lat_IMAGE1_248014.jpg.jpg;0;autor:Wojciech Widłak 
157;O krasnoludkach i o sierotce Marysi autor: Maria Konopnicka;dla dzieci;1;1;20;zł;42824;1;0;1;http://www.matras.pl/media/catalog/product/o/_/o_krasnoludkach_i_o_sierotce_marysi_IMAGE1_243113_3.jpg;0;autor:Grzegorz Kasdepke 
158;Martynka. Moje czytanki. Troskliwa opiekunka autor: Liliana Fabisińska;dla dzieci;1;1;5;zł;16.72;1;0;1;http://www.matras.pl/media/catalog/product/m/a/martynka_moje_czytanki_troskliwa_opiekunka_IMAGE1_241665.jpg;0;autor:Anna Mikita 
159;Pan Brumm obchodzi Boże Narodzenie autor: Marcel Marlier;dla dzieci;1;1;88;zł;20.92;1;0;1;http://www.matras.pl/media/catalog/product/p/a/pan_brumm_obchodzi_boze_narodzenie_IMAGE1_240147.jpg;0;autor:Weronika Goszczyńska 
160;Nowe przygody Bolka i Lolka autor: Gilbert Delahaye;dla dzieci;1;1;90;zł;29.20;1;0;1;http://www.matras.pl/media/catalog/product/n/o/nowe_przygody_bolka_i_lolka_IMAGE1_239650_1.jpg;0;autor:Jerzy Kern 
161;Franklin i wróżka Zębuszka autor: Paulette Bourgeois;dla dzieci;1;1;33;zł;46905;1;0;1;http://www.matras.pl/media/catalog/product/f/r/franklin_i_wrozka_zebuszka_IMAGE1_236909_3.jpg;0;autor:Praca Zbiorowa 
162;Zosia i fiołkowy kapelusz. Pierwsze czytanki autor: Brenda Clark;dla dzieci;1;1;3;zł;13363;1;0;1;http://www.matras.pl/media/catalog/product/z/o/zosia_i_fiolkowy_kapelusz_pierwsze_czytanki_IMAGE1_234761.jpg_3.jpg;0;autor:Jan Brzechwa 
163;Antek i stara jabłonka. Pierwsze czytanki autor: Edyta Zarębska;dla dzieci;1;1;48;zł;13363;1;0;1;http://www.matras.pl/media/catalog/product/a/n/antek_i_stara_jablonka_pierwsze_czytanki_IMAGE1_234762.jpg;0;autor: 
164;Kocie śniadanie autor: Edyta Zarębska;dla dzieci;1;1;21;zł;43012;1;0;1;http://www.matras.pl/media/catalog/product/f/i/file_101212.jpg;0;autor:Paweł Wakuła 
165;Moja Afryka. Poznaję zwierzęta autor: Regina  Dąbrowska;dla dzieci;1;1;36;zł;42760;1;0;1;http://www.matras.pl/media/catalog/product/f/i/file_95674.jpg;0;autor:Wojciech Mikołuszko 
166;Miki idzie do szkoły autor: Ludwik Cichy;dla dzieci;1;1;43;zł;20.83;1;0;1;http://www.matras.pl/media/catalog/product/m/i/miki_idzie_do_szkoly_IMAGE1_212147_4.jpg;0;autor:Renata Pitala 
167;Kotek autor: ;dla dzieci;1;1;85;zł;13728;1;0;1;http://www.matras.pl/media/catalog/product/f/i/file_85409.jpg;0;autor:Patrycja Zarawska 
168;Śmietuszki z niebieskiego dywanika autor: Rafał Wejner;dla dzieci;1;1;62;zł;42738;1;0;1;http://www.matras.pl/media/catalog/product/s/m/smietuszki_z_niebieskiego_dywanika_IMAGE1_41178_1.jpg;0;autor:Agnes Vandewiele 
169;Dzieci Ziemi... Pamiętajcie autor: ;dla dzieci;1;1;41;zł;32417;1;0;1;http://www.matras.pl/media/catalog/product/d/z/dzieci_ziemi_pamietajcie_IMAGE1_28412_3.jpg;0;autor:Maria Konopnicka 
170;Tsatsiki i Mamuśka autor: Schim Schimmel;dla dzieci;1;1;46;zł;20.83;1;0;1;http://www.matras.pl/media/catalog/product/t/s/tsatsiki_i_mamuska_IMAGE1_180860_3.jpg;0;autor:Liliana Fabisińska 
171;Jak zostać szpiegiem w 7 dni autor: Moni Nilsson;dla dzieci;1;1;84;zł;42760;1;0;1;http://www.matras.pl/media/catalog/product/j/a/jak_zostac_szpiegiem_w_7_dni_IMAGE1_133413_1.jpg;0;autor:Marcel Marlier 
172;Kaczka Dziwaczka autor: Justine Smith;dla dzieci;1;1;9;zł;34425;1;0;1;http://www.matras.pl/media/catalog/product/f/i/file_11695.jpg;0;autor:Gilbert Delahaye 
173;Mama Mu na huśtawce autor: Jan Brzechwa;dla dzieci;1;1;5;zł;21.67;1;0;1;http://www.matras.pl/media/catalog/product/m/a/mama_mu_na_hustawce_IMAGE1_128393_3.jpg;0;autor:Daniel Napp 
174;Franklin i ja autor: Jujja Wieslander;dla dzieci;1;1;86;zł;46966;1;0;1;http://www.matras.pl/media/catalog/product/f/r/franklin_i_ja_IMAGE1_179041_1.jpg;0;autor:Praca Zbiorowa 
175;Binta tańczy autor: Tomas Wieslander;dla dzieci;1;1;79;zł;16.65;1;0;1;http://www.matras.pl/media/catalog/product/b/i/binta_tanczy_IMAGE1_110282_4.jpg;0;autor:Paulette Bourgeois 
176;Pierwsza Komunia z białą kokardą autor: Sven Nordqvist;dla dzieci;1;1;9;zł;20.83;1;0;1;http://www.matras.pl/media/catalog/product/p/i/pierwsza_komunia_z_biala_kokarda_IMAGE1_171234.jpg;0;autor:Brenda Clark 
177;Opowieści na dobranoc autor: Paulette Bourgeois;dla dzieci;1;1;39;zł;29068;1;0;1;http://www.matras.pl/media/catalog/product/o/p/opowiesci_na_dobranoc_IMAGE1_100378_1.jpg;0;autor:Edyta Zarębska 
178;Owoce autor: Brenda Clark;dla dzieci;1;1;83;zł;43160;1;0;1;http://www.matras.pl/media/catalog/product/o/w/owoce__IMAGE1_193578.jpg;0;autor:Edyta Zarębska 
179;Przepowiednia Synów Słońca. Kroniki Archeo autor: Eva Susso;dla dzieci;1;1;54;zł;29.20;1;0;1;http://www.matras.pl/media/catalog/product/p/r/przepowiednia_synow_slonca_kroniki_archeo__IMAGE1_299026_2.jpg;0;autor:Regina  Dąbrowska 
180;Tomek Łebski. Niezły szczęściarz autor: Benjamin Chaud;dla dzieci;1;1;58;zł;16.73;1;0;1;http://www.matras.pl/media/catalog/product/I/M/IMG1442399676109_84875_11.jpg;0;autor:Ludwik Cichy 
181;Pora na pomidora w zupie autor: Justyna Bednarek;dla dzieci;1;1;1;zł;32051;1;0;1;http://www.matras.pl/media/catalog/product/I/M/IMG1505134494280_90179_1.jpg;0;autor: 
182;Emi i Tajny Klub Superdziewczyn Poszukiwacze przygód autor: Agnieszka Mielech;dla dzieci;1;1;9;zł;16.72;1;0;1;http://www.matras.pl/media/catalog/product/I/M/IMG1507712244598_70960.jpg;0;autor: 
183;Pamiętnik czarnego noska autor: Janina Porazińska;dla dzieci;1;1;43;zł;16.72;1;0;1;http://www.matras.pl/media/catalog/product/I/M/IMG1501846828874_95976_3.jpg;0;autor: 
184;Zaklęcie na „w” autor: Michał Rusinek;dla dzieci;1;1;5;zł;19.16;1;0;1;http://www.matras.pl/media/catalog/product/I/M/IMG1501846675037_5612_3.jpg;0;autor:Justine Smith 
185;Spirit Animals Upadek Bestii Tom 2 Spalona ziemia autor: Victoria Schwab;dla dzieci;1;1;1;zł;29.28;1;0;1;http://www.matras.pl/media/catalog/product/I/M/IMG1497859524451_40913_5.jpg;0;autor:Moni Nilsson 
186;Baśnie osobliwe autor: Ransom Riggs;dla dzieci;1;1;87;zł;42760;1;0;1;http://www.matras.pl/media/catalog/product/I/M/IMG1498563142975_66463_4.jpg;0;autor:Jujja Wieslander 
187;Domek na drzewie. 65-piętrowy domek na drzewie autor: Andy Griffiths;dla dzieci;1;1;32;zł;26.69;1;0;1;http://www.matras.pl/media/catalog/product/I/M/IMG1498638007750_52078_3.jpg;0;autor:Tomas Wieslander 
188;Magiczne drzewo T.1-8 Pakiet autor: Andrzej Maleszka;dla dzieci;1;1;44;zł;167.24;1;0;1;http://www.matras.pl/media/catalog/product/I/M/IMG1495092735281_7280_2.jpg;0;autor:Sven Nordqvist 
189; Czytam sobie. Poziom 1. Dobry pies autor: Rafał Witek;dla dzieci;1;1;99;zł;32051;1;0;1;http://www.matras.pl/media/catalog/product/I/M/IMG1491304204750_83812_5.jpg;0;autor:Jan Brzechwa 
190;Kłopoty z ulicy Rumiankowej autor: Agnieszka Gadzińska;dla dzieci;1;1;88;zł;19.99;1;0;1;http://www.matras.pl/media/catalog/product/I/M/IMG1491306233187_15939_4.jpg;0;autor:Paulette Bourgeois 
191; Czytam sobie. Poziom 3. Edison. O wielkim wynalazcy autor: Ewa Nowak;dla dzieci;1;1;54;zł;20059;1;0;1;http://www.matras.pl/media/catalog/product/I/M/IMG1491304347968_27705_4.jpg;0;autor:Brenda Clark 
192;Czytam sobie. Poziom 2. Cuda z mleka. Pankracy i Tatarak na ... autor: Justyna Bednarek;dla dzieci;1;1;25;zł;32051;1;0;1;http://www.matras.pl/media/catalog/product/I/M/IMG1491303706687_31178_4.jpg;0;autor:Jan Twardowski 
193; Czytam sobie. Poziom 2. Troja. Historia upadku miasta autor: Zofia Stanecka;dla dzieci;1;1;4;zł;32051;1;0;1;http://www.matras.pl/media/catalog/product/I/M/IMG1491304815328_32625_4.jpg;0;autor:Eva Susso 
194;Quiz mądrego przedszkolaka od 5 lat autor: Opracowanie zbiorowe;dla dzieci;1;1;34;zł;24869;1;0;1;http://www.matras.pl/media/catalog/product/I/M/IMG1490862944239_70090_4.jpg;0;autor:Benjamin Chaud 
195;Rozwiązuję łamigłówki 6-7 lat autor: Opracowanie zbiorowe;dla dzieci;1;1;94;zł;24869;1;0;1;http://www.matras.pl/media/catalog/product/I/M/IMG1490863189421_86159_3.jpg;0;autor: 
196;Koszmarny Karolek. Potwory i stwory autor: Francesca Simon;dla dzieci;1;1;42;zł;18.32;1;0;1;http://www.matras.pl/media/catalog/product/f/b/fbc46610a1d639160fcd418d23099f09_25.jpg;0;autor:Agnieszka Stelmaszyk 
197;Kto się kryję w wodzie autor: Eryl Norris;dla dzieci;1;1;75;zł;42760;1;0;1;http://www.matras.pl/media/catalog/product/I/M/IMG1487932269203_39547_32.jpg;0;autor:Liz Pichon 
198;Najfutbolniejsi 6 Tajemnica nawiedzonego zamku autor: Roberto Santiago;dla dzieci;1;1;97;zł;37.56;1;0;1;http://www.matras.pl/media/catalog/product/I/M/IMG1487933358062_46013_32.jpg;0;autor:Justyna Bednarek 
199;Pucio mówi pierwsze słowa autor: Marta Galewska-Kustra;dla dzieci;1;1;85;zł;33.38;1;0;1;http://www.matras.pl/media/catalog/product/I/M/IMG1480930584266_39916_5.jpg;0;autor:Agnieszka Mielech 
200;Tatuaże - Vayana autor: ;dla dzieci;1;1;44;zł;32051;1;0;1;http://www.matras.pl/media/catalog/product/c/1/c1db42bef04c21fabb4166a4b1eeb335_4.jpg;0;autor:Janina Porazińska 
201;Nieujarzmiona. Jinny z Finmory 2 autor: Patricia Leitch;dla młodzieży;1;1;22;zł;16.65;1;0;1;http://www.matras.pl/media/catalog/product/n/i/nieujarzmiona_jinny_z_finmory_2_IMAGE1_258326_15.jpg;0;autor:Kiera Cass 
202;Cień węża autor: Rick Riordan;dla młodzieży;1;1;99;zł;18.45;1;0;1;http://www.matras.pl/media/catalog/product/c/i/cien_weza_IMAGE1_258621_1.jpg;0;autor:Patricia Leitch 
203;Uwierzyłbyś. że...u Majów przegrywający w piłkę byli zabijan... autor: Richard Platt;dla młodzieży;1;1;14;zł;32964;1;0;1;http://www.matras.pl/media/catalog/product/u/w/uwierzylbys__zeu_majow_przegrywajacy_w_pilke_byli_zabijani_to_i_inne_niebezpieczne_rozrywki_IMAGE1_257257_12.jpg;0;autor:Rick Riordan 
204;Uwierzyłbyś. że... dwóch rowerzystów wynalazło samolot?! To ... autor: Richard Platt;dla młodzieży;1;1;27;zł;32964;1;0;1;http://www.matras.pl/media/catalog/product/u/w/uwierzylbys__ze_dwoch_rowerzystow_wynalazlo_samolot_to_i_inne_osiagniecia_komunikacji_IMAGE1_257251.jpg;0;autor:Richard Platt 
205;Uwierzyłbyś. że... Watykan jest państwem?! To i inne ciekawo... autor: Richard Platt;dla młodzieży;1;1;3;zł;32964;1;0;1;http://www.matras.pl/media/catalog/product/u/w/uwierzylbys__ze_watykan_jest_panstwem_to_i_inne_ciekawostki_o_miastach_IMAGE1_257263.jpg;0;autor:Federico Moccia 
206;Uwierzyłbyś. że... w marcepanie jest cyjanek?! To i inne zat... autor: Richard Platt;dla młodzieży;1;1;12;zł;32964;1;0;1;http://www.matras.pl/media/catalog/product/u/w/uwierzylbys__ze_w_marcepanie_jest_cyjanek_to_i_inne_zatrwazajace_fakty_o_jedzeniu_IMAGE1_257262.jpg;0;autor:Rachel Caine 
207;Uwierzyłbyś. że... w XVI w. buty na koturnie były zakazane?!... autor: Richard Platt;dla młodzieży;1;1;13;zł;32964;1;0;1;http://www.matras.pl/media/catalog/product/u/w/uwierzylbys__ze_w_xvi_w_buty_na_koturnie_byly_zakazane_to_i_inne_szalenstwa_mody_IMAGE1_257255_12.jpg;0;autor:Michael Grant 
208;Uwierzyłbyś. że... w 1400 roku umiejętność czytania mogła ur... autor: Richard Platt;dla młodzieży;1;1;38;zł;32964;1;0;1;http://www.matras.pl/media/catalog/product/u/w/uwierzylbys__ze_w_1400_roku_umiejetnosc_czytania_mogla_uratowac_zycie_to_i_inne_zalety_nauki_IMAGE1_257261.jpg;0;autor:Astrid Lindgren 
209;Tylko ciebie chcę autor: Federico Moccia;dla młodzieży;1;1;29;zł;28.94;1;0;1;http://www.matras.pl/media/catalog/product/t/y/tylko_ciebie_chce_IMAGE1_257154.jpg.jpg;0;autor:Blue Jeans 
210;Kroniki Avantii. Maska Śmierci autor: Adam Blade;dla młodzieży;1;1;57;zł;18.32;1;0;1;http://www.matras.pl/media/catalog/product/k/r/kroniki_avantii_maska_smierci_IMAGE1_256108.jpg.jpg;0;autor:Piotr Patykiewicz 
211;Wampiry z Morganville. Księga 7. Ostatni pocałunek autor: Rachel Caine;dla młodzieży;1;1;68;zł;43048;1;0;1;http://www.matras.pl/media/catalog/product/w/a/wampiry_z_morganville_ksiega_7_ostatni_pocalunek_IMAGE1_256073.jpg.jpg;0;autor:Karl Hess 
212;BZRK autor: Michael Grant;dla młodzieży;1;1;73;zł;11567;1;0;1;http://www.matras.pl/media/catalog/product/b/z/bzrk_IMAGE1_253861_4.jpg;0;autor: 
213;Przygody Emila ze Smalandii autor: Astrid Lindgren;dla młodzieży;1;1;58;zł;41.75;1;0;1;http://www.matras.pl/media/catalog/product/p/r/przygody_emila_ze_smalandii_IMAGE1_253387.jpg;0;autor:Beata Andrzejczuk 
214;Mira i potwory. Księga 2. Obcy autor: Stefan Ljungqvist;dla młodzieży;1;1;7;zł;43048;1;0;1;http://www.matras.pl/media/catalog/product/m/i/mira_i_potwory_ksiega_2_obcy_IMAGE1_252471.jpg.jpg;0;autor:Lucy Maud Montgomery 
215;Piosenki dla Pauli autor: Blue Jeans;dla młodzieży;1;1;12;zł;33.38;1;0;1;http://www.matras.pl/media/catalog/product/p/i/piosenki_dla_pauli_IMAGE1_251005.jpg.jpg;0;autor:Carlos Ruiz Zafon 
216;Łukasz i kostur czarownicy autor: Piotr Patykiewicz;dla młodzieży;1;1;80;zł;42760;1;0;1;http://www.matras.pl/media/catalog/product/l/u/lukasz_i_kostur_czarownicy_IMAGE1_245062.jpg.jpg;0;autor:Mike Goldsmith 
217;Kapitalizm dla nastolatków czyli jak zostać młodym przedsięb... autor: Karl Hess;dla młodzieży;1;1;1;zł;24.26;1;0;1;http://www.matras.pl/media/catalog/product/k/a/kapitalizm_dla_nastolatkow_czyli_jak_zostac_mlodym_przedsiebiorca_IMAGE1_242823_1.jpg;0;autor:Beata Andrzejczuk 
218;Dzieci Cienie. Tom 1. Wśród ukrytych. Wśród oszustów autor: Margaret Peterson Haddix;dla młodzieży;1;1;84;zł;33117;1;0;1;http://www.matras.pl/media/catalog/product/d/z/dzieci_cienie_tom_1_wsrod_ukrytych_wsrod_oszustow_IMAGE1_237222_5.jpg;0;autor:Amy Meredith 
219;Pociągi. Legendarne podróże autor: ;dla młodzieży;1;1;30;zł;42.38;1;0;1;http://www.matras.pl/media/catalog/product/p/o/pociagi_legendarne_podroze_IMAGE1_236730_1.jpg;0;autor:Andrzej Żak 
220;Pamiętnik nastolatki 3 autor: Beata Andrzejczuk;dla młodzieży;1;1;56;zł;20.83;1;0;1;http://www.matras.pl/media/catalog/product/p/a/pamietnik_nastolatki_3_IMAGE1_233645_1.jpg;0;autor:Ewa Nowacka 
221;Ania z Zielonego Wzgórza (CD MP3) autor: Lucy Maud Montgomery;dla młodzieży;1;1;16;zł;28.54;1;0;1;http://www.matras.pl/media/catalog/product/a/n/ania_z_zielonego_wzgorza_cd_mp3_IMAGE1_227706_4.jpg;0;autor:Aleksander Kamiński 
222;Książę Mgły (CD MP3) autor: Carlos Ruiz Zafon;dla młodzieży;1;1;58;zł;20.45;1;0;1;http://www.matras.pl/media/catalog/product/f/i/file_139107.jpg;0;autor:Yvonne Woon 
223;Pionierzy nauki autor: Mike Goldsmith;dla młodzieży;1;1;57;zł;24.90;1;0;1;http://www.matras.pl/media/catalog/product/f/i/file_134988.jpg;0;autor:James Curwood 
224;Pamiętnik nastolatki 2 1/2. Wakacje Natki autor: Beata Andrzejczuk;dla młodzieży;1;1;47;zł;20.83;1;0;1;http://www.matras.pl/media/catalog/product/f/i/file_125006.jpg;0;autor:Nancy Farmer 
225;Koszmarne piękno autor: Heidi Hassenmuller;dla młodzieży;1;1;13;zł;22372;1;0;1;http://www.matras.pl/media/catalog/product/f/i/file_114870.jpg;0;autor:James Curwood 
226;Polowanie autor: Amy Meredith;dla młodzieży;1;1;53;zł;43048;1;0;1;http://www.matras.pl/media/catalog/product/p/o/polowanie_IMAGE1_216065_4.jpg;0;autor:James Curwood 
227;Talizman. Bractwo Szkarłatnych Liter autor: Andrzej Żak;dla młodzieży;1;1;77;zł;43048;1;0;1;http://www.matras.pl/media/catalog/product/f/i/file_112545.jpg;0;autor:Aldona Mikusińska 
228;Małgosia contra Małgosia autor: Ewa Nowacka;dla młodzieży;1;1;51;zł;20.83;1;0;1;http://www.matras.pl/media/catalog/product/m/a/malgosia_contra_malgosia_IMAGE1_215870.jpg;0;autor:Larry Hama 
229;Kamienie na szaniec (CD) autor: Aleksander Kamiński;dla młodzieży;1;1;51;zł;20.45;1;0;1;http://www.matras.pl/media/catalog/product/k/a/kamienie_na_szaniec_cd_IMAGE1_213579_3.jpg;0;autor:Gary Erskine 
230;Piękni i martwi autor: Yvonne Woon;dla młodzieży;1;1;39;zł;13.71;1;0;1;http://www.matras.pl/media/catalog/product/f/i/file_91215.jpg;0;autor:Anthony Williams 
231;Pamiętnik nastolatki. Tom 2 autor: Beata Andrzejczuk;dla młodzieży;1;1;23;zł;20.83;1;0;1;http://www.matras.pl/media/catalog/product/f/i/file_86126.jpg;0;autor:Zoey Dean 
232;Łowcyota (CD) autor: James Curwood;dla młodzieży;1;1;13;zł;20.44;1;0;1;http://www.matras.pl/media/catalog/product/f/i/file_99621.jpg;0;autor:Lidia Drabik 
233;Supergwiazda. Zakulisowe intrygi autor: Heidi Hassenmuller;dla młodzieży;1;1;40;zł;12936;1;0;1;http://www.matras.pl/media/catalog/product/f/i/file_7168.jpg;0;autor:Elżbieta Sobol 
234;Szkoła bardów autor: Nancy Farmer;dla młodzieży;1;1;40;zł;17.48;1;0;1;http://www.matras.pl/media/catalog/product/f/i/file_6593.jpg;0;autor:Marian Brandys 
235;Bari. syn szarej Wilczycy (CD) autor: James Curwood;dla młodzieży;1;1;81;zł;20.44;1;0;1;http://www.matras.pl/media/catalog/product/f/i/file_99598.jpg;0;autor:David Almond 
236;Szara wilczyca (CD) autor: James Curwood;dla młodzieży;1;1;32;zł;20.44;1;0;1;http://www.matras.pl/media/catalog/product/f/i/file_99560.jpg;0;autor:Dave McKean 
237;Wiedza o społeczeństwie. Encyklopedia szkolna PWN autor: Aldona Mikusińska;dla młodzieży;1;1;38;zł;71.20;1;0;1;http://www.matras.pl/media/catalog/product/w/i/wiedza_o_spoleczenstwie_encyklopedia_szkolna_pwn_IMAGE1_182705_3.jpg;0;autor:Judith Allert 
238;Uciekinierka autor: Elżbieta Borek;dla młodzieży;1;1;26;zł;13.97;1;0;1;http://www.matras.pl/media/catalog/product/f/i/file_14981.jpg;0;autor:Chris Edwards 
239;Wyspa strachu Bitwa o Jimę autor: Larry Hama;dla młodzieży;1;1;85;zł;14.62;1;0;1;http://www.matras.pl/media/catalog/product/f/i/file_17953.jpg;0;autor: 
240;Na topie 7. Amerykańska piękność autor: Gary Erskine;dla młodzieży;1;1;54;zł;22007;1;0;1;http://www.matras.pl/media/catalog/product/f/i/file_42582.jpg;0;autor:Anita Rejch 
241;Śladami Stasia i Nel autor: Marian Brandys;dla młodzieży;1;1;56;zł;12936;1;0;1;http://www.matras.pl/media/catalog/product/f/i/file_112026.jpg;0;autor: 
242;Szkolny słownik poprawnej polszczyzny autor: Lidia Drabik;dla młodzieży;1;1;20;zł;21.54;1;0;1;http://www.matras.pl/media/catalog/product/s/z/szkolny_slownik_poprawnej_polszczyzny_IMAGE1_89921.jpg.jpg;0;autor: 
243;Dzikus autor: Elżbieta Sobol;dla młodzieży;1;1;20;zł;5.00;1;0;1;http://www.matras.pl/media/catalog/product/d/z/dzikus_IMAGE1_174355_5.jpg;0;autor:Judith Allert 
244;Kapitan Żbik 4. Pogoń za lwem autor: David Almond;dla młodzieży;1;1;75;zł;32905;1;0;1;http://www.matras.pl/media/catalog/product/k/a/kapitan_zbik_4_pogon_za_lwem_IMAGE1_45320.jpg;0;autor:Liz Pichon 
245;Tomek w krainie kangurów autor: Dave McKean;dla młodzieży;1;1;53;zł;23.34;1;0;1;http://www.matras.pl/media/catalog/product/t/o/tomek_w_krainie_kangurow_IMAGE1_120102_1.jpg;0;autor:Nancy Collins 
246;Sekretny pamiętnik szkolny autor: ;dla młodzieży;1;1;93;zł;16.72;1;0;1;http://www.matras.pl/media/catalog/product/s/e/sekretny_pamietnik_szkolny_IMAGE1_115288_8.jpg;0;autor:Krystyna Damm 
247;Pamiętnik nastolatki autor: Alfred Szklarski;dla młodzieży;1;1;19;zł;20.83;1;0;1;http://www.matras.pl/media/catalog/product/p/a/pamietnik_nastolatki_IMAGE1_172816.jpg;0;autor:Margarita Kardasz 
248;Nocne życie autor: Anita Rejch;dla młodzieży;1;1;43;zł;34790;1;0;1;http://www.matras.pl/media/catalog/product/n/o/nocne_zycie_IMAGE1_207205_1.jpg;0;autor:Alan Snow 
249;Serowy potop. Były sobie stwory autor: Beata Andrzejczuk;dla młodzieży;1;1;38;zł;20.80;1;0;1;http://www.matras.pl/media/catalog/product/s/e/serowy_potop_byly_sobie_stwory__IMAGE1_199810_5.jpg;0;autor:J.K. Rowling 
250;Literatura Encyklopedia szkolna PWN autor: Nancy Collins;dla młodzieży;1;1;68;zł;76.97;1;0;1;http://www.matras.pl/media/catalog/product/l/i/literatura_encyklopedia_szkolna_pwn_IMAGE1_168386_1.jpg;0;autor:Alfred Szklarski 
251;Harry Potter i Insygnia Śmierci autor: Alan Snow;dla młodzieży;1;1;67;zł;49.36;1;0;1;http://www.matras.pl/media/catalog/product/h/a/harry_potter_i_insygnia_smierci_IMAGE1_128904_4.jpg;0;autor:John Flanagan 
252;Prawdziwe pocałunki smakują lepiej autor: Krystyna Damm;dla młodzieży;1;1;55;zł;15.90;1;0;1;http://www.matras.pl/media/catalog/product/p/r/prawdziwe_pocalunki_smakuja_lepiej_IMAGE1_186265.jpg;0;autor:Alan Foster 
253;Młody wrotkarz autor: Margarita Kardasz;dla młodzieży;1;1;70;zł;23.34;1;0;1;http://www.matras.pl/media/catalog/product/placeholder/default/matras_zaslepka1_7.png;0;autor:Christoph Marzi 
254;Zwiadowcy. Czarnoksiężnik z Północy. Księga 5 autor: J.K. Rowling;dla młodzieży;1;1;16;zł;27.52;1;0;1;http://www.matras.pl/media/catalog/product/z/w/zwiadowcy_czarnoksieznik_z_polnocy_ksiega_5_IMAGE1_195311_10.jpg;0;autor:Praca zbiorowa 
255;Tomek wśród łowców głów autor: Judith Allert;dla młodzieży;1;1;98;zł;23.34;1;0;1;http://www.matras.pl/media/catalog/product/I/M/IMG1492605174928_26611_1.jpg;0;autor:Opracowanie zbiorowe 
256;Harry Potter i Insygnia Śmierci autor: Chris Edwards;dla młodzieży;1;1;57;zł;40.99;1;0;1;http://www.matras.pl/media/catalog/product/h/a/harry_potter_i_insygnia_smierci_IMAGE1_128903_2.jpg;0;autor:Praca zbiorowa 
257;Słownik ortograficzny. Greg autor: John Flanagan;dla młodzieży;1;1;59;zł;18050;1;0;1;http://www.matras.pl/media/catalog/product/s/l/slownik_ortograficzny__greg_IMAGE1_803_3.jpg;0;autor:Praca zbiorowa 
258;Córka królowejodziei autor: Alfred Szklarski;dla młodzieży;1;1;59;zł;33025;1;0;1;http://www.matras.pl/media/catalog/product/c/o/corka_krolowej_zlodziei____IMAGE1_177421_5.jpg;0;autor:Olaf Frische 
259;Tajemnicza wyprawa Tomka autor: J.K. Rowling;dla młodzieży;1;1;97;zł;23.34;1;0;1;http://www.matras.pl/media/catalog/product/t/a/tajemnicza_wyprawa_tomka_IMAGE1_125424.jpg;0;autor:Lee Tosca 
260;Słownik ortograficzny. Greg autor: ;dla młodzieży;1;1;47;zł;42956;1;0;1;http://www.matras.pl/media/catalog/product/s/l/slownik_ortograficzny__greg_IMAGE1_55866.jpg;0;autor:Jeff Zenter 
261;Star Wars. Przebudzenie mocy autor: Alan Foster;dla młodzieży;1;1;65;zł;29.27;1;0;1;http://www.matras.pl/media/catalog/product/2/e/2e19961ae8d1ad8bbb2479ae91e7314b_7.jpg;0;autor:Opracowanie Zbiorowe 
262;Heaven. Miasto elfów autor: Christoph Marzi;dla młodzieży;1;1;69;zł;29.20;1;0;1;http://www.matras.pl/media/catalog/product/d/8/d8e49e5e96a2f7b2634ec707ba79fb0d_3.jpg;0;autor:Opracowanie Zbiorowe 
263;Skarb Troi autor: Olaf Frische;dla młodzieży;1;1;99;zł;20.83;1;0;1;http://www.matras.pl/media/catalog/product/I/M/IMG1504791859240_80544.jpg;0;autor: 
264;Król węży autor: Jeff Zenter;dla młodzieży;1;1;70;zł;31.71;1;0;1;http://www.matras.pl/media/catalog/product/I/M/IMG1501063059925_5461_2.jpg;0;autor: 
265;Pierworodna autor: Lee Tosca;dla młodzieży;1;1;96;zł;29.20;1;0;1;http://www.matras.pl/media/catalog/product/I/M/IMG1501072547105_12158_3.jpg;0;autor:Opracowanie Zbiorowe 
266;Skrzynia władcy piorunów autor: Praca Zbiorowa;dla młodzieży;1;1;68;zł;42760;1;0;1;http://www.matras.pl/media/catalog/product/I/M/IMG1495093023625_9206_5.jpg;0;autor:Kirsty Moseley 
267;Chłopak. który chciał zacząć od nowa autor: Kirsty Moseley;dla młodzieży;1;1;86;zł;31.78;1;0;1;http://www.matras.pl/media/catalog/product/I/M/IMG1485427239187_66751_29.jpg;0;autor:Kimberly McCreight 
268;Outliersi autor: Kimberly McCreight;dla młodzieży;1;1;25;zł;29.27;1;0;1;http://www.matras.pl/media/catalog/product/I/M/IMG1483537682940_74141_7.jpg;0;autor:Opracowanie Zbiorowe 
269;Gorzka czekolada. I inne ważne opowiadania o ważnych sprawach autor: Opracowanie Zbiorowe;dla młodzieży;1;1;11;zł;26.77;1;0;1;http://www.matras.pl/media/catalog/product/2/3/2372a32454833726a9c69aa9d66f98a0_5.jpg;0;autor:Estelle Maskame 
270;Dimily. Tom 3. Czy wspominałam. że za Tobą tęsknię? autor: Estelle Maskame;dla młodzieży;1;1;27;zł;31.71;1;0;1;http://www.matras.pl/media/catalog/product/I/M/IMG1481006253890_30369_11.jpg;0;autor:Kerstin Gier 
271;Silver autor: Kerstin Gier;dla młodzieży;1;1;95;zł;32.63;1;0;1;http://www.matras.pl/media/catalog/product/b/9/b9c081c59058469e47949642fd0b7328_5.jpg;0;autor:Opracowanie Zbiorowe 
272;Harry Potter i Przeklęte Dziecko. Część pierwsza i druga  autor: Joanne K. Rowling;dla młodzieży;1;1;58;zł;37.05;1;0;1;http://www.matras.pl/media/catalog/product/9/1/916763915a59b66cd58d6ec3553101c4_13.jpg;0;autor:Suzanne Collins 
273;Czarna Wdowa. Na zawsze czerwona autor: Margaret Stohl;dla młodzieży;1;1;22;zł;33.38;1;0;1;http://www.matras.pl/media/catalog/product/3/1/317aeffbeaad0a825ed16f591b4f4d1e_1.jpg;0;autor:Cecil Castellucci 
274;Nie poddawaj się. Wzlot i upadek Simona Snowa autor: Rainbow Rowell;dla młodzieży;1;1;70;zł;30.94;1;0;1;http://www.matras.pl/media/catalog/product/2/0/206e8e4d1e768302407c44809279efba_2.jpg;0;autor:Opracowanie Zbiorowe 
275;Jesień motyli autor: Andrea Portes;dla młodzieży;1;1;9;zł;29.27;1;0;1;http://www.matras.pl/media/catalog/product/7/3/731123149fd8741744af94c55feec18d_2.jpg;0;autor:Greg Rocka 
276;Spójrz mi w oczy. Audrey autor: Sophie Kinsella;dla młodzieży;1;1;65;zł;24.26;1;0;1;http://www.matras.pl/media/catalog/product/8/7/87cc45c4f4048447db8db5edb8d31c65_4.jpg;0;autor:Joanne K. Rowling 
277;PAX. Wodnik autor: Asa Larsson;dla młodzieży;1;1;85;zł;20.92;1;0;1;http://www.matras.pl/media/catalog/product/9/7/971857bf392f24008dff71e1df706261_3.jpg;0;autor:Opracowanie Zbiorowe 
278;Biblioteka dusz autor: Ransom Riggs;dla młodzieży;1;1;67;zł;32.63;1;0;1;http://www.matras.pl/media/catalog/product/a/5/a5c7fb813e0c64d9bf1596956bff4ce9_3.jpg;0;autor:Margaret Stohl 
279;Silver-druga księga snów autor: Kerstin Gier;dla młodzieży;1;1;63;zł;32.63;1;0;1;http://www.matras.pl/media/catalog/product/f/f/ffcf584ed67e91e262c479e5ebc7d926_10.jpg;0;autor:Rainbow Rowell 
280;Kamienne anioły autor: Karina Ohlsson;dla młodzieży;1;1;94;zł;24.26;1;0;1;http://www.matras.pl/media/catalog/product/6/8/68f9dd0c8f34a7ee8b2042b9a8fda204_1.jpg;0;autor:Andrea Portes 
281;Uratuj mnie autor: Anna Bellon;dla młodzieży;1;1;12;zł;29.20;1;0;1;http://www.matras.pl/media/catalog/product/f/3/f3b3c86422e86a581fbe6a27d1688d12_6.jpg;0;autor:Ransom Riggs 
282;Pokemon GO. Ukryte oblicze Twojego miasta autor: ;dla młodzieży;1;1;40;zł;14.97;1;0;1;http://www.matras.pl/media/catalog/product/8/2/82f3d3aa537f87fc9654f5da63b268d6_6.jpg;0;autor:Kerstin Gier 
283;W pustyni i w puszczy  autor: Henryk Sienkiewicz;dla młodzieży;1;1;40;zł;17.59;1;0;1;http://www.matras.pl/media/catalog/product/0/d/0da6c295e34af04ea8a5be7382cb5265_3.jpg;0;autor:Sophie Kinsella 
284;Piąta fala. Ostatnia gwiazda autor: Rick Yancey;dla młodzieży;1;1;42;zł;30.87;1;0;1;http://www.matras.pl/media/catalog/product/I/M/IMG1461927795440_5402_4.jpg;0;autor:Karina Ohlsson 
285;Szukając ducha rocka autor: Anna Dobrzyńska;dla młodzieży;1;1;62;zł;41974;1;0;1;http://www.matras.pl/media/catalog/product/I/M/IMG1473760014750_50579.jpg;0;autor:Asa Larsson 
286;Never Never autor: Colleen Hoover;dla młodzieży;1;1;61;zł;33.38;1;0;1;http://www.matras.pl/media/catalog/product/c/d/cd3e20ff81e6c8524a969e77086bcd4d_6.jpg;0;autor:Anna Bellon 
287;Wyśnione miejsca autor: Tarryn Fisher;dla młodzieży;1;1;77;zł;29.20;1;0;1;http://www.matras.pl/media/catalog/product/4/e/4ec76146bcbf17d6ae5cf8e76c53a20c_5.jpg;0;autor: 
288;Dark Elements. Arktyczny dotyk autor: Brenna Yovanoff;dla młodzieży;1;1;55;zł;33.38;1;0;1;http://www.matras.pl/media/catalog/product/a/c/ac95f78a9ac63bf54837fa94a15d0733_7.jpg;0;autor:Henryk Sienkiewicz 
289;Podpalacze książek. Tom 3. Wszyscy jesteśmy krzewicielami autor: Jennifer L. Armentrout;dla młodzieży;1;1;43;zł;32.63;1;0;1;http://www.matras.pl/media/catalog/product/5/4/54a10a098612183fb328cf6e4844e781_2.jpg;0;autor:Juliusz Verne 
290;Harry Potter i komnata tajemnic autor: Marine Carteron;dla młodzieży;1;1;53;zł;29.28;1;0;1;http://www.matras.pl/media/catalog/product/0/f/0fec470b8d33d55da81764fa8ae87495_10.jpg;0;autor:Rick Yancey 
291;Harry Potter i Książę Półkrwi autor: Joanne K. Rowling;dla młodzieży;1;1;55;zł;37.65;1;0;1;http://www.matras.pl/media/catalog/product/1/8/18bef37362a56276b59d982d3063b78c_6.jpg;0;autor:Praca zbiorowa 
292;Harry Potter i Insygnia Śmierci autor: Joanne K. Rowling;dla młodzieży;1;1;30;zł;40.99;1;0;1;http://www.matras.pl/media/catalog/product/4/1/416a3f75e8e2a70f131826c0f97db9fe_7.jpg;0;autor:Snicket Lemony 
293;Harry Potter i czara ognia autor: Joanne K. Rowling;dla młodzieży;1;1;16;zł;40.99;1;0;1;http://www.matras.pl/media/catalog/product/1/0/1036fa1521a6ed338f87ee229c39664e_7.jpg;0;autor:Anna Dobrzyńska 
294;Ból za ból autor: Joanne K. Rowling;dla młodzieży;1;1;86;zł;29.20;1;0;1;http://www.matras.pl/media/catalog/product/5/8/5893e6a6c2a1360268841edc1d788895_5.jpg;0;autor:Snicket Lemony 
295;Lustro pana Grymsa autor: Jenny Han Siobhan Vivian;dla młodzieży;1;1;11;zł;22.50;1;0;1;http://www.matras.pl/media/catalog/product/2/b/2b91ec0c3e420faa34cb2b757892809e_5.jpg;0;autor:Brenna Yovanoff 
296;Szkic autor: Dorota Terakowska;dla młodzieży;1;1;15;zł;29.27;1;0;1;http://www.matras.pl/media/catalog/product/c/7/c7c8f224f200b3dad7dfc499f475ca30_1.jpg;0;autor:Colleen Hoover 
297;Miłosne graffitti autor: Olivia Samms;dla młodzieży;1;1;89;zł;43068;1;0;1;http://www.matras.pl/media/catalog/product/I/M/IMG1468997373064_35224_1.jpg;0;autor:Tarryn Fisher 
298;Naznaczeni autor: Jennifer Bennett;dla młodzieży;1;1;83;zł;29.20;1;0;1;http://www.matras.pl/media/catalog/product/0/4/041d002b80b4bb1aed7b3fc67cf7b412_5.jpg;0;autor:Jennifer L. Armentrout 
299;Las tajemnic autor: Jennifer Lynn Barnes;dla młodzieży;1;1;29;zł;30.87;1;0;1;http://www.matras.pl/media/catalog/product/a/1/a1f736eac2de428cdcac65c9bc261328_3.jpg;0;autor:Marine Carteron 
300;Ponura drużyna. Miecz Północy. Tom 2 autor: Erin Hunter;dla młodzieży;1;1;5;zł;37.64;1;0;1;http://www.matras.pl/media/catalog/product/b/4/b4a473560cb3c4da3ea938bd72f9cebc_3.jpg;0;autor:Joanne K. Rowling 
301;Czerwie Diuny autor: Brian Herbert;fantastyka;1;1;22;zł;46.77;1;0;1;http://www.matras.pl/media/catalog/product/c/z/czerwie_diuny_IMAGE1_256833_3.jpg;0;autor:Brian Herbert 
302;Pogrzeb czarownicy autor: Kevin J. Anderson;fantastyka;1;1;16;zł;29.70;1;0;1;http://www.matras.pl/media/catalog/product/p/o/pogrzeb_czarownicy_IMAGE1_233085_9.jpg;0;autor:Kevin J. Anderson 
303;Cień węża autor: Artur Baniewicz;fantastyka;1;1;42;zł;18.45;1;0;1;http://www.matras.pl/media/catalog/product/c/i/cien_weza_IMAGE1_258621_1.jpg;0;autor:Rick Riordan 
304;Kroniki Avantii. Maska Śmierci autor: Rick Riordan;fantastyka;1;1;49;zł;18.32;1;0;1;http://www.matras.pl/media/catalog/product/k/r/kroniki_avantii_maska_smierci_IMAGE1_256108.jpg.jpg;0;autor:Andrzej Sapkowski 
305;Maladie i inne opowiadania autor: Adam Blade;fantastyka;1;1;24;zł;34.88;1;0;1;http://www.matras.pl/media/catalog/product/m/a/maladie_i_inne_opowiadania_IMAGE1_254778_1.jpg;0;autor:Eric Nylund 
306;Wrzawa śmiertelnych autor: Andrzej Sapkowski;fantastyka;1;1;7;zł;39.67;1;0;1;http://www.matras.pl/media/catalog/product/w/r/wrzawa_smiertelnych_IMAGE1_254328.jpg.jpg;0;autor:Michael Grant 
307;BZRK autor: Eric Nylund;fantastyka;1;1;36;zł;11567;1;0;1;http://www.matras.pl/media/catalog/product/b/z/bzrk_IMAGE1_253861_4.jpg;0;autor:Andrzej Ziemiański 
308;Achaja. Tom 3 autor: Michael Grant;fantastyka;1;1;42;zł;29.20;1;0;1;http://www.matras.pl/media/catalog/product/a/c/achaja_tom_3_IMAGE1_246226.jpg;0;autor:Troy Denning 
309;Star Wars. Przeznaczenie Jedi. Wir autor: Andrzej Ziemiański;fantastyka;1;1;55;zł;31.62;1;0;1;http://www.matras.pl/media/catalog/product/s/t/star_wars_przeznaczenie_jedi_wir_IMAGE1_243813_4.jpg;0;autor:Terry Pratchett 
310;Maskarada autor: Troy Denning;fantastyka;1;1;27;zł;42760;1;0;1;http://www.matras.pl/media/catalog/product/m/a/maskarada_IMAGE1_243265.jpg;0;autor:Terry Pratchett 
311;Carpe Jugulum autor: Terry Pratchett;fantastyka;1;1;44;zł;42760;1;0;1;http://www.matras.pl/media/catalog/product/c/a/carpe_jugulum_IMAGE1_242754_1.jpg;0;autor:Deborah Harkness 
312;Księga Wszystkich Dusz. Tom 1. Czarownica + Tom 2. Tajemnica... autor: Terry Pratchett;fantastyka;1;1;32;zł;49.90;1;0;1;http://www.matras.pl/media/catalog/product/k/s/ksiega_wszystkich_dusz_tom_1_czarownica__tom_2_tajemnica_komplet_IMAGE1_241208_5.jpg;0;autor:L.J. Smith 
313;Rezydent wieży. Księga 2 autor: Deborah Harkness;fantastyka;1;1;24;zł;18050;1;0;1;http://www.matras.pl/media/catalog/product/r/e/rezydent_wiezy_ksiega_2_IMAGE1_238484_3.jpg;0;autor:Lesley Livingstone 
314;Dzieci Cienie. Tom 1. Wśród ukrytych. Wśród oszustów autor: Andrzej Tuchorski;fantastyka;1;1;99;zł;33117;1;0;1;http://www.matras.pl/media/catalog/product/d/z/dzieci_cienie_tom_1_wsrod_ukrytych_wsrod_oszustow_IMAGE1_237222_5.jpg;0;autor:Terry Pratchett 
315;Wizje w mroku. Tajemnicza moc. Opętany. Pasja autor: Margaret Peterson Haddix;fantastyka;1;1;52;zł;36465;1;0;1;http://www.matras.pl/media/catalog/product/w/i/wizje_w_mroku_tajemnicza_moc_opetany_pasja_IMAGE1_235786_6.jpg;0;autor:Neil Gaiman 
316;Oddech nocy autor: L.J. Smith;fantastyka;1;1;16;zł;33117;1;0;1;http://www.matras.pl/media/catalog/product/o/d/oddech_nocy_IMAGE1_225672_6.jpg;0;autor:Terry Pratchett 
317;Dobry omen autor: Lesley Livingstone;fantastyka;1;1;91;zł;42760;1;0;1;http://www.matras.pl/media/catalog/product/d/o/dobry_omen_IMAGE1_233747_9.jpg;0;autor:Tom Lloyd 
318;Łups! autor: Terry Pratchett;fantastyka;1;1;94;zł;42760;1;0;1;http://www.matras.pl/media/catalog/product/l/u/lups_IMAGE1_233078_4.jpg;0;autor:Terry Pratchett 
319;Ziemia. powietrze. ogień i...budyń autor: Neil Gaiman;fantastyka;1;1;92;zł;33117;1;0;1;http://www.matras.pl/media/catalog/product/z/i/ziemia__powietrze__ogien_ibudyn_IMAGE1_232898_12.jpg;0;autor:Deborah Harkness 
320;Naznaczony przez bogów autor: Terry Pratchett;fantastyka;1;1;40;zł;33.38;1;0;1;http://www.matras.pl/media/catalog/product/n/a/naznaczony_przez_bogow_IMAGE1_232181.jpg_4.jpg;0;autor:Terry Pratchett 
321;Dziewczyna płaszczka i inne nienaturalne atrakcje autor: Robert Rankin;fantastyka;1;1;65;zł;33117;1;0;1;http://www.matras.pl/media/catalog/product/d/z/dziewczyna_plaszczka_i_inne_nienaturalne_atrakcje_IMAGE1_229979_6.jpg;0;autor:Terry Pratchett 
322;Mort autor: Terry Pratchett;fantastyka;1;1;34;zł;42760;1;0;1;http://www.matras.pl/media/catalog/product/m/o/mort_IMAGE1_229945_2.jpg;0;autor:George R.R. Martin 
323;Księga Wszystkich Dusz. Tom. 2. Tajemnica autor: Deborah Harkness;fantastyka;1;1;51;zł;39.99;1;0;1;http://www.matras.pl/media/catalog/product/f/i/file_142594.jpg;0;autor:Andrzej Ziemiański 
324;Ciekawe czasy autor: Terry Pratchett;fantastyka;1;1;1;zł;42760;1;0;1;http://www.matras.pl/media/catalog/product/c/i/ciekawe_czasy_IMAGE1_226239_1.jpg;0;autor:Andrzej Żak 
325;Piaski Armagedonu autor: Vladimir Wolff;fantastyka;1;1;4;zł;29.20;1;0;1;http://www.matras.pl/media/catalog/product/f/i/file_139178.jpg;0;autor:Marek S. Huberath 
326;Rebelia autor: Marcin Gawęda;fantastyka;1;1;91;zł;29.20;1;0;1;http://www.matras.pl/media/catalog/product/r/e/rebelia_IMAGE1_225600_1.jpg;0;autor:Vladimir Wolff 
327;W północ się odzieję autor: Terry Pratchett;fantastyka;1;1;62;zł;42760;1;0;1;http://www.matras.pl/media/catalog/product/f/i/file_134980.jpg;0;autor:Janusz A. Zajdel 
328;Gra o tron autor: George R.R. Martin;fantastyka;1;1;47;zł;49.36;1;0;1;http://www.matras.pl/media/catalog/product/g/r/gra_o_tron_IMAGE1_222048_5.jpg;0;autor:Janusz A. Zajdel 
329;Porta Coeli. Brama światów autor: Susana Vallejo;fantastyka;1;1;20;zł;33117;1;0;1;http://www.matras.pl/media/catalog/product/p/o/porta_coeli_brama_swiatow_IMAGE1_221550_5.jpg;0;autor:Yvonne Woon 
330;Achaja. Tom 1 autor: Andrzej Ziemiański;fantastyka;1;1;86;zł;33.38;1;0;1;http://www.matras.pl/media/catalog/product/a/c/achaja_tom_1_IMAGE1_220475_2.jpg;0;autor:Jocelynn Drake 
331;Talizman. Bractwo Szkarłatnych Liter autor: Andrzej Żak;fantastyka;1;1;9;zł;43048;1;0;1;http://www.matras.pl/media/catalog/product/f/i/file_112545.jpg;0;autor:Vladimir Wolff 
332;Vatran Auraio autor: Marek S. Huberath;fantastyka;1;1;73;zł;14.90;1;0;1;http://www.matras.pl/media/catalog/product/f/i/file_111184.jpg;0;autor:Nancy Farmer 
333;Osaczona autor: P.C. Cast;fantastyka;1;1;70;zł;42760;1;0;1;http://www.matras.pl/media/catalog/product/f/i/file_115907.jpg;0;autor:Maciej Kuczyński 
334;Czerwona apokalipsa autor: Kristin Cast;fantastyka;1;1;93;zł;28.44;1;0;1;http://www.matras.pl/media/catalog/product/f/i/file_107653.jpg;0;autor:Trudi Canavan 
335;Limes inferior (CD) autor: Vladimir Wolff;fantastyka;1;1;27;zł;20.36;1;0;1;http://www.matras.pl/media/catalog/product/f/i/file_99871.jpg;0;autor:Andrzej Sapkowski 
336;Cylinder van Troffa (CD) autor: Janusz A. Zajdel;fantastyka;1;1;28;zł;20.36;1;0;1;http://www.matras.pl/media/catalog/product/f/i/file_99883.jpg;0;autor:Elizabeth Haydon 
337;Piękni i martwi autor: Janusz A. Zajdel;fantastyka;1;1;64;zł;13.71;1;0;1;http://www.matras.pl/media/catalog/product/f/i/file_91215.jpg;0;autor:Trudi Canavan 
338;Posłaniec świtu. Dni Mroku. Księga 3 autor: Yvonne Woon;fantastyka;1;1;32;zł;29.95;1;0;1;http://www.matras.pl/media/catalog/product/f/i/file_90818.jpg;0;autor:Jonathan Carroll 
339;Stalowa kurtyna autor: Jocelynn Drake;fantastyka;1;1;100;zł;26.77;1;0;1;http://www.matras.pl/media/catalog/product/f/i/file_8284.jpg;0;autor:John Flanagan 
340;Szkoła bardów autor: Vladimir Wolff;fantastyka;1;1;7;zł;17.48;1;0;1;http://www.matras.pl/media/catalog/product/f/i/file_6593.jpg;0;autor:Joe Abercrombie 
341;Wodospad autor: Maciej Kuczyński;fantastyka;1;1;63;zł;33117;1;0;1;http://www.matras.pl/media/catalog/product/w/o/wodospad_IMAGE1_197593_3.jpg;0;autor:Andrzej W. Sawicki 
342;Łotr. Trylogia zdrajcy. Księga 2 autor: Trudi Canavan;fantastyka;1;1;76;zł;37.56;1;0;1;http://www.matras.pl/media/catalog/product/l/o/lotr_trylogia_zdrajcy_ksiega_2_IMAGE1_222506_2.jpg;0;autor:Andrzej Ziemiański 
343;Szklana zupa autor: Jonathan Carroll;fantastyka;1;1;63;zł;23.42;1;0;1;http://www.matras.pl/media/catalog/product/s/z/szklana_zupa_IMAGE1_75399_2.jpg;0;autor:Terry Pratchett 
344;Uczennica maga autor: Trudi Canavan;fantastyka;1;1;58;zł;36.73;1;0;1;http://www.matras.pl/media/catalog/product/u/c/uczennica_maga__IMAGE1_191108_1.jpg;0;autor:Praca Zbiorowa 
345;Narrenturm autor: Andrzej Sapkowski;fantastyka;1;1;74;zł;41.75;1;0;1;http://www.matras.pl/media/catalog/product/n/a/narrenturm_IMAGE1_47028_7.jpg;0;autor:George R.R. Martin 
346;Zwiadowcy. Czarnoksiężnik z Północy. Księga 5 autor: John Flanagan;fantastyka;1;1;46;zł;27.52;1;0;1;http://www.matras.pl/media/catalog/product/z/w/zwiadowcy_czarnoksieznik_z_polnocy_ksiega_5_IMAGE1_195311_10.jpg;0;autor:Brandon Sanderson 
347;Córka królowejodziei autor: Elizabeth Haydon;fantastyka;1;1;100;zł;33025;1;0;1;http://www.matras.pl/media/catalog/product/c/o/corka_krolowej_zlodziei____IMAGE1_177421_5.jpg;0;autor:J.R.R. Tolkien 
348;Ostateczny argument. Pierwsze Prawo. Księga 3 autor: Joe Abercrombie;fantastyka;1;1;78;zł;46.55;1;0;1;http://www.matras.pl/media/catalog/product/i/m/importexcel_5c6a4b0544e85cf9007ee04f06fff0bb_1.jpeg;0;autor:George R.R. Martin 
349;Pomnik Cesarzowej Achai. Tom 5 autor: Andrzej Ziemiański;fantastyka;1;1;58;zł;48.86;1;0;1;http://www.matras.pl/media/catalog/product/i/m/importexcel_82725356a618b7e319e3edd7ed73b29e_4.jpeg;0;autor:Andrzej Sapkowski 
350;Pasterska korona autor: Terry Pratchett;fantastyka;1;1;14;zł;26.77;1;0;1;http://www.matras.pl/media/catalog/product/5/0/502f4440322aaca5eaecc35042da1a68_4.jpg;0;autor:George R.R. Martin 
351;Taniec ze smokami. Tom 2  autor: George R.R. Martin;fantastyka;1;1;46;zł;40.99;1;0;1;http://www.matras.pl/media/catalog/product/e/2/e29da2a57e5ca23769758f25e5772c90_6.jpg;0;autor:George R.R. Martin 
352;Pożar autor: Brandon Sanderson;fantastyka;1;1;12;zł;29.20;1;0;1;http://www.matras.pl/media/catalog/product/6/b/6b330327e2e328fe5cefaa3b8de2e787_2.jpg;0;autor:John Flanagan 
353;Władca Pierścieni. Tom 1: Bractwo Pierścienia autor: J.R.R. Tolkien;fantastyka;1;1;23;zł;15.90;1;0;1;http://www.matras.pl/media/catalog/product/4/c/4cce84bc448a3a37cfd0deefebacc712_3.jpg;0;autor:Trudi Canavan 
354;Uczta dla wron. Sieć spisków autor: George R.R. Martin;fantastyka;1;1;2;zł;40.99;1;0;1;http://www.matras.pl/media/catalog/product/0/f/0f2a0941753219f751b41f0f4ec7e156_3.jpg;0;autor:Anna Borkowska 
355;Wiedźmin. Ostatnie życzenie autor: Andrzej Sapkowski;fantastyka;1;1;84;zł;33.68;1;0;1;http://www.matras.pl/media/catalog/product/w/i/wiedzmin_ostatnie_zyczenie_IMAGE1_329447_13.jpg;0;autor:Terry Pratchett 
356;Zwiadowcy. Księga 10. Cesarz Nihon-Ja autor: John Flanagan;fantastyka;1;1;60;zł;33.38;1;0;1;http://www.matras.pl/media/catalog/product/z/w/zwiadowcy_ksiega_10_cesarz_nihonja_IMAGE1_243810_7.jpg;0;autor:John Ronald Tolkien 
357;Obietnica następcy autor: Trudi Canavan;fantastyka;1;1;30;zł;35.02;1;0;1;http://www.matras.pl/media/catalog/product/I/M/IMG1505820178057_10527_1.jpg;0;autor:Orson Scott Card 
358; Gar'Ingawi Wyspa Szczęśliwa. T. 1 Oczekiwanie autor: Anna Borkowska;fantastyka;1;1;83;zł;20.83;1;0;1;http://www.matras.pl/media/catalog/product/I/M/IMG1491304979062_68309_4.jpg;0;autor:Robert Gong 
359;Odkurzacz czarownicy autor: Terry Pratchett;fantastyka;1;1;49;zł;33.38;1;0;1;http://www.matras.pl/media/catalog/product/I/M/IMG1476780423431_84623_4.png;0;autor:Krzysztof Piskorski 
360;Opowieść o Kullervo autor: John Ronald Tolkien;fantastyka;1;1;66;zł;33.38;1;0;1;http://www.matras.pl/media/catalog/product/I/M/IMG1475496704347_35823_3.jpg;0;autor:Margaret Stohl 
361;666 do mroku autor: Robert Gong;fantastyka;1;1;88;zł;24.26;1;0;1;http://www.matras.pl/media/catalog/product/I/M/IMG1487670042890_45573_4.jpg;0;autor:Ian Tregillis 
362;Czterdzieści i cztery autor: Krzysztof Piskorski;fantastyka;1;1;77;zł;36.81;1;0;1;http://www.matras.pl/media/catalog/product/c/d/cda99ebf1c95b1305898678485ad954f_5.jpg;0;autor:Robin Hobb 
363;Czarna Wdowa. Na zawsze czerwona autor: Margaret Stohl;fantastyka;1;1;26;zł;33.38;1;0;1;http://www.matras.pl/media/catalog/product/3/1/317aeffbeaad0a825ed16f591b4f4d1e_1.jpg;0;autor:Jim Butcher 
364;Dowody winy. Akta Dresdena autor: Jim Butcher;fantastyka;1;1;29;zł;32.63;1;0;1;http://www.matras.pl/media/catalog/product/i/m/importexcel_c9dc93724126d9ca9c67b9f931556fcd_1.jpeg;0;autor: 
365;Królowa Tearlingu autor: Erika Johansen;fantastyka;1;1;55;zł;30.87;1;0;1;http://www.matras.pl/media/catalog/product/I/M/IMG1474277827991_53536_1.jpg;0;autor:Erika Johansen 
366;Wojny alchemiczne. Mechaniczny autor: Ian Tregillis;fantastyka;1;1;57;zł;33.38;1;0;1;http://www.matras.pl/media/catalog/product/5/f/5f440c595171348c4ba0154a746caca3_6.jpg;0;autor:Stanisław Lem 
367;Złocisty błazen. Trylogiaotoskóry Tom2 autor: Robin Hobb;fantastyka;1;1;49;zł;40.99;1;0;1;http://www.matras.pl/media/catalog/product/I/M/IMG1487598410109_33343_5.jpg;0;autor:Leigh Fallon 
368;Fantastyczny Lem. Antologia opowiadań według czytelników autor: Stanisław Lem;fantastyka;1;1;94;zł;37.56;1;0;1;http://www.matras.pl/media/catalog/product/d/a/dace32f0dd5f523468de3d4c640534ae_1.jpg;0;autor:David Weber 
369;Cień żywiołu autor: Leigh Fallon;fantastyka;1;1;42;zł;29.20;1;0;1;http://www.matras.pl/media/catalog/product/c/i/cien_zywiolu_IMAGE1_293518_3.jpg;0;autor:Siri Pettersen 
370;Krucze pierścienie. Zgnilizna autor: Siri Pettersen;fantastyka;1;1;44;zł;42824;1;0;1;http://www.matras.pl/media/catalog/product/9/e/9e9827e2af66c55874f6c7a65290e850_4.jpg;0;autor:DANIELLE JENSEN 
371;Ukryta łowczyni. Tom 2 autor: DANIELLE JENSEN;fantastyka;1;1;2;zł;30.87;1;0;1;http://www.matras.pl/media/catalog/product/8/d/8d3baba741ba2419ef4f969d0efdf63b_3.jpg;0;autor:Miles Cameron 
372;Lichwiarz autor: Wiktor Noczkin;fantastyka;1;1;59;zł;33.38;1;0;1;http://www.matras.pl/media/catalog/product/I/M/IMG1480420147756_39911_1.jpg;0;autor:Wiktor Noczkin 
373;Zgiełk wojny. Tom 2. W głębi strachu autor: Kennedy Hudner;fantastyka;1;1;7;zł;33.38;1;0;1;http://www.matras.pl/media/catalog/product/8/e/8e24e29874dc2a5290febdb05d729071_1.jpg;0;autor:Kennedy Hudner 
374;Powrót z gwiazd autor: Stanisław Lem;fantastyka;1;1;12;zł;31.79;1;0;1;http://www.matras.pl/media/catalog/product/4/3/43b44222656658ca919a790461d6dd4c_1.jpg;0;autor:Stanisław Lem 
375;Eden autor: Stanisław Lem;fantastyka;1;1;20;zł;31.79;1;0;1;http://www.matras.pl/media/catalog/product/d/3/d3a069ec8984d536d4194a8e8f579e95_1.jpg;0;autor:Stanisław Lem 
376;Hayden War. Tom 3. Walkiria w ogniu autor: Evan Currie;fantastyka;1;1;71;zł;42760;1;0;1;http://www.matras.pl/media/catalog/product/8/7/87baea6013cd7306937fa430aa8db0fd_2.JPG;0;autor:V.E. Schwab 
377;World of Warcraft. Illidan autor: William King;fantastyka;1;1;61;zł;37.99;1;0;1;http://www.matras.pl/media/catalog/product/4/3/435d0367465766eb5be89499fc1ee2c0_2.jpg;0;autor:Marcin Podlewski 
378;Onikromos autor: Paweł Matuszek;fantastyka;1;1;80;zł;49.36;1;0;1;http://www.matras.pl/media/catalog/product/i/m/importexcel_1a1eb7cb79f899c8becdb1616090ccbb.jpeg;0;autor:Kevin Hearne 
379;Star Wars. Przebudzenie mocy autor: Alan Foster;fantastyka;1;1;87;zł;29.27;1;0;1;http://www.matras.pl/media/catalog/product/2/e/2e19961ae8d1ad8bbb2479ae91e7314b_7.jpg;0;autor:Evan Currie 
380;Dziecko Odyna autor: Siri Pettersen;fantastyka;1;1;27;zł;31.71;1;0;1;http://www.matras.pl/media/catalog/product/3/d/3db6158c2aa222e1895da9efebebbb46_5.jpg;0;autor:William King 
381;Litr ciekłego ołowiu autor: Andrzej Pilipiuk;fantastyka;1;1;62;zł;33.38;1;0;1;http://www.matras.pl/media/catalog/product/i/m/importexcel_a773f4b98f6fc2c959e1e35d7f90625c_3.jpeg;0;autor:Jim Butcher 
382;Odej do przeklętej Tom 2 autor: Katie Alender;fantastyka;1;1;22;zł;33.38;1;0;1;http://www.matras.pl/media/catalog/product/5/4/545e29f4ac1007fb1a8748af2b27a7b6.jpg;0;autor:Paweł Matuszek 
383;Wodospady Cienia po zmroku. Niewypowiedziana. Tom 3 autor: C. C. Hunter;fantastyka;1;1;37;zł;31.71;1;0;1;http://www.matras.pl/media/catalog/product/I/M/IMG1464777366211_77816.jpg;0;autor:Alan Foster 
384;Pęknięcia w granicie autor: THOMAS JOAD;fantastyka;1;1;73;zł;37.65;1;0;1;http://www.matras.pl/media/catalog/product/4/1/41aa1eb0d9119f9861719c4e3009c3d5.jpg;0;autor:Siri Pettersen 
385;Trylogia nordycka. Ostatnia saga. Świat po bitwie. Wojna runów autor: Marcin Mortka;fantastyka;1;1;20;zł;83.65;1;0;1;http://www.matras.pl/media/catalog/product/d/9/d9fe09d44ddee17c20593ab1b732af20.jpg;0;autor:Paweł Kornew 
386;Grim. Płomień nocy autor: Gesa Schwartz;fantastyka;1;1;58;zł;41.75;1;0;1;http://www.matras.pl/media/catalog/product/2/b/2b6a7f41a832af88fdb0ca477e28f2c1_3.jpg;0;autor:Jacek Komuda 
387;Kroniki Wardstone. Tom 11. Wijec autor: Joseph Delaney;fantastyka;1;1;55;zł;42760;1;0;1;http://www.matras.pl/media/catalog/product/I/M/IMG1471440538637_98956_1.jpg;0;autor:Andrzej Pilipiuk 
388;Grimm City. Wilk! autor: Jakub Ćwiek;fantastyka;1;1;6;zł;30.87;1;0;1;http://www.matras.pl/media/catalog/product/9/7/97fe285348eda49f44f76aa2ae2a68c8_4.jpg;0;autor:Katie Alender 
389;Taniec ze smokami. Tom 2 autor: George R.R. Martin;fantastyka;1;1;94;zł;44.25;1;0;1;http://www.matras.pl/media/catalog/product/c/4/c475ba7ce8aedd0ceb8fb4775bb56368_7.jpg;0;autor:C. C. Hunter 
390;Taniec ze smokami. Część 1 autor: George R.R. Martin;fantastyka;1;1;62;zł;49.36;1;0;1;http://www.matras.pl/media/catalog/product/e/1/e1cc69e54cadcc3494455a49b35698d1_6.jpg;0;autor:THOMAS JOAD 
391;Taniec ze smokami. Tom 1 autor: George R.R. Martin;fantastyka;1;1;75;zł;40.99;1;0;1;http://www.matras.pl/media/catalog/product/d/b/dbd83ad1cfb26aa95c1c33f246870ae2_10.jpg;0;autor:Gesa Schwartz 
392;Red Rising. Tom 3. Gwiazda zaranna autor: Pierce Brown;fantastyka;1;1;73;zł;33.38;1;0;1;http://www.matras.pl/media/catalog/product/5/f/5f52b2d19df6c529c75d2709588fa860_4.jpg;0;autor:Joseph Delaney 
393;Inwazja na Tearling autor: Erika Johansen;fantastyka;1;1;94;zł;33.38;1;0;1;http://www.matras.pl/media/catalog/product/1/e/1ed29717a2186f68e9e2e72f434c41d1_7.jpg;0;autor:Marcin Mortka 
394;Wezwanie do broni autor: David Weber;fantastyka;1;1;55;zł;29.20;1;0;1;http://www.matras.pl/media/catalog/product/4/b/4b1ffbab58939039ccefff0c8319630c_4.jpg;0;autor:Adam Przechrzta 
395;Star Wars. Kompendium autor: Patricia Barr;fantastyka;1;1;81;zł;117.11;1;0;1;http://www.matras.pl/media/catalog/product/placeholder/default/matras_zaslepka1_7.png;0;autor:Jakub Ćwiek 
396;Puchaty smok. Tom 2 autor: Platte F. Clark;fantastyka;1;1;72;zł;29.20;1;0;1;http://www.matras.pl/media/catalog/product/7/3/73c44e6250e38dc07c5e3b778bb77b7e_1.jpg;0;autor:Ken  Liu 
397;Dziedzictwo smoka autor: Klara Miszczyk;fantastyka;1;1;78;zł;28.44;1;0;1;http://www.matras.pl/media/catalog/product/c/d/cd6de3c54b0bc9e49ca736ecf5491172_1.jpg;0;autor:George R.R. Martin 
398;Słowa światłości autor: Brandon Sanderson;fantastyka;1;1;8;zł;49.36;1;0;1;http://www.matras.pl/media/catalog/product/i/m/importexcel_b7ae00ce4e920ef5bd609330a2aeeeb4_4.jpeg;0;autor:George R.R. Martin 
399;Ziemia niczyja autor: Jan Waletow;fantastyka;1;1;9;zł;31.71;1;0;1;http://www.matras.pl/media/catalog/product/i/m/importexcel_c8a158675b8ae66ac07510b649d6e165_1.jpeg;0;autor:George R.R. Martin 
400;Wikingowie. Wilcze dziedzictwo autor: Radosław Lewandowski;fantastyka;1;1;48;zł;33.38;1;0;1;http://www.matras.pl/media/catalog/product/b/4/b4ce21d59a2ddeb6c3416a6aca30dff3_2.jpg;0;autor:Pierce Brown 
401;Wakacje od życia autor: Agnieszka Topornicka;polska;1;1;57;zł;24.89;1;0;1;http://www.matras.pl/media/catalog/product/w/a/wakacje_od_zycia_IMAGE1_263655_1.jpg;0;autor:Agnieszka Topornicka 
402;Silna gorączka autor: Marek Nowakowski;polska;1;1;44;zł;11567;1;0;1;http://www.matras.pl/media/catalog/product/s/i/silna_goraczka_IMAGE1_256763_1.jpg;0;autor:Marek Nowakowski 
403;Ludzie moralni autor: Włodzimierz Kowalewski;polska;1;1;42;zł;11567;1;0;1;http://www.matras.pl/media/catalog/product/l/u/ludzie_moralni_IMAGE1_254887_16.jpg;0;autor:Włodzimierz Kowalewski 
404;Maladie i inne opowiadania autor: Andrzej Sapkowski;polska;1;1;99;zł;34.88;1;0;1;http://www.matras.pl/media/catalog/product/m/a/maladie_i_inne_opowiadania_IMAGE1_254778_1.jpg;0;autor:Andrzej Sapkowski 
405;Tam autor: Aleksander  Gawronik;polska;1;1;90;zł;13.80;1;0;1;http://www.matras.pl/media/catalog/product/t/a/tam_IMAGE1_254291.jpg.jpg;0;autor:Aleksander  Gawronik 
406;Bohaterowie się odradzają autor: Konrad T. Lewandowski;polska;1;1;35;zł;18537;1;0;1;http://www.matras.pl/media/catalog/product/b/o/bohaterowie_sie_odradzaja_IMAGE1_248946_12.jpg;0;autor:Maciej Bennewicz 
407;Wszystkie kobiety don Hułana autor: Maciej Bennewicz;polska;1;1;14;zł;26.69;1;0;1;http://www.matras.pl/media/catalog/product/w/s/wszystkie_kobiety_don_hulana_IMAGE1_244383_5.jpg;0;autor:Magdalena Kordel 
408;Okno z widokiem autor: Magdalena Kordel;polska;1;1;72;zł;26.77;1;0;1;http://www.matras.pl/media/catalog/product/o/k/okno_z_widokiem_IMAGE1_243626_2.jpg;0;autor:Gabriel Garcia Marquez 
409;Matka wszystkich lalek autor: Monika Szwaja;polska;1;1;86;zł;29.20;1;0;1;http://www.matras.pl/media/catalog/product/m/a/matka_wszystkich_lalek_IMAGE1_240740_3.jpg;0;autor:Monika Szwaja 
410;Nie wygłoszę tu mowy autor: Gabriel Garcia Marquez;polska;1;1;2;zł;25.37;1;0;1;http://www.matras.pl/media/catalog/product/n/i/nie_wyglosze_tu_mowy_IMAGE1_238022.jpg_7.jpg;0;autor:Magda Parus 
411;Rodzinnych ciepłych świąt autor: Magda Parus;polska;1;1;10;zł;43709;1;0;1;http://www.matras.pl/media/catalog/product/r/o/rodzinnych_cieplych_swiat_IMAGE1_237755.jpg_9.jpg;0;autor:Rafał Kotomski 
412;Lament Sieny autor: Rafał Kotomski;polska;1;1;63;zł;43048;1;0;1;http://www.matras.pl/media/catalog/product/l/a/lament_sieny_IMAGE1_239071.jpg_5.jpg;0;autor:Natalia Bobrowska 
413;Nikt nie jest samotną wyspą. ale wszyscy bardzo się staramy autor: Natalia Bobrowska;polska;1;1;4;zł;31.71;1;0;1;http://www.matras.pl/media/catalog/product/n/i/nikt_nie_jest_samotna_wyspa__ale_wszyscy_bardzo_sie_staramy_IMAGE1_238897.jpg_5.jpg;0;autor:Maria Ulatowska 
414;Domek nad morzem autor: Maria Ulatowska;polska;1;1;17;zł;42760;1;0;1;http://www.matras.pl/media/catalog/product/d/o/domek_nad_morzem_IMAGE1_236263_1.jpg;0;autor:Marian Pilot 
415;Pióropusz autor: Marian Pilot;polska;1;1;65;zł;11567;1;0;1;http://www.matras.pl/media/catalog/product/p/i/pioropusz_IMAGE1_236189_1.jpg;0;autor:Małgorzata Kalicińska 
416;Powroty nad rozlewiskiem autor: Małgorzata Kalicińska;polska;1;1;20;zł;42805;1;0;1;http://www.matras.pl/media/catalog/product/f/i/file_144315.jpg;0;autor:Małgorzata Kalicińska 
417;Dom nad rozlewiskiem autor: Małgorzata Kalicińska;polska;1;1;54;zł;36465;1;0;1;http://www.matras.pl/media/catalog/product/d/o/dom_nad_rozlewiskiem_IMAGE1_228509_3_1_6.jpg;0;autor:Aleksandra Jakubowska 
418;Najpiękniejsza. Miłość. zbrodnia. polityka autor: Aleksandra Jakubowska;polska;1;1;2;zł;43003;1;0;1;http://www.matras.pl/media/catalog/product/f/i/file_140009.jpg;0;autor:Jacek Dukaj 
419;Lód autor: Jacek Dukaj;polska;1;1;63;zł;50.11;1;0;1;http://www.matras.pl/media/catalog/product/l/o/lod_IMAGE1_223594_1.jpg;0;autor:Światosław Nowicki 
420;Tarot apokalipsy. Magiczny romans mistrza i Magdaleny ku chw... autor: Światosław Nowicki;polska;1;1;39;zł;13.71;1;0;1;http://www.matras.pl/media/catalog/product/f/i/file_125003.jpg;0;autor:Magdalena Walulik 
421;Książka autor: Mikołaj Łoziński;polska;1;1;95;zł;15.18;1;0;1;http://www.matras.pl/media/catalog/product/f/i/file_119576.jpg;0;autor:Stefan Chwin 
422;Panna Ferbelin autor: Stefan Chwin;polska;1;1;29;zł;34.93;1;0;1;http://www.matras.pl/media/catalog/product/f/i/file_113262.jpg;0;autor:Henryk Sienkiewicz 
423;Potop (3CD) autor: Henryk Sienkiewicz;polska;1;1;38;zł;23.20;1;0;1;http://www.matras.pl/media/catalog/product/p/o/potop_3cd_IMAGE1_213562_6.jpg;0;autor:Henryk Sienkiewicz 
424;Pan Wołodyjowski (CD) autor: Henryk Sienkiewicz;polska;1;1;68;zł;20.00;1;0;1;http://www.matras.pl/media/catalog/product/p/a/pan_wolodyjowski_cd_IMAGE1_213563.jpg;0;autor:Piotr Wojciechowski 
425;Serce do gry autor: Piotr Wojciechowski;polska;1;1;37;zł;25.60;1;0;1;http://www.matras.pl/media/catalog/product/s/e/serce_do_gry_IMAGE1_211347_4.jpg;0;autor:Maja Wolny 
426;Dom tysiąca nocy autor: Maja Wolny;polska;1;1;20;zł;32478;1;0;1;http://www.matras.pl/media/catalog/product/f/i/file_90542.jpg;0;autor:Tadeusz Różewicz 
427;Wycieczka do muzeum autor: Tadeusz Różewicz;polska;1;1;74;zł;28.44;1;0;1;http://www.matras.pl/media/catalog/product/f/i/file_7022.jpg;0;autor:Henryk Sienkiewicz 
428;Nowele i opowiadania +CD autor: Henryk Sienkiewicz;polska;1;1;2;zł;17.52;1;0;1;http://www.matras.pl/media/catalog/product/n/o/nowele_i_opowiadania_cd_IMAGE1_196428_9.jpg;0;autor:Katarzyna Enerlich 
429;Prowincja pełna marzeń autor: Katarzyna Enerlich;polska;1;1;39;zł;29.20;1;0;1;http://www.matras.pl/media/catalog/product/f/i/file_17845.jpg;0;autor:Andrzej Mularczyk 
430;Post Mortem Katyń autor: Andrzej Mularczyk;polska;1;1;47;zł;42760;1;0;1;http://www.matras.pl/media/catalog/product/f/i/file_26661.jpg;0;autor:Marta Kuszewska 
431;Szerszy kadr autor: Marta Kuszewska;polska;1;1;6;zł;26.77;1;0;1;http://www.matras.pl/media/catalog/product/f/i/file_29305.jpg;0;autor:Barbara Rybałkowska 
432;Kuszenie losu autor: Barbara Rybałkowska;polska;1;1;89;zł;28.41;1;0;1;http://www.matras.pl/media/catalog/product/f/i/file_28747.jpg;0;autor:Jan Dobraczyński 
433;Listy Nikodema autor: Jan Dobraczyński;polska;1;1;10;zł;20.92;1;0;1;http://www.matras.pl/media/catalog/product/f/i/file_28142.jpg;0;autor:Tomasz Matkowski 
434;I Bóg stworzył delfina. czyli potrawka z człowieków autor: Tomasz Matkowski;polska;1;1;32;zł;21.76;1;0;1;http://www.matras.pl/media/catalog/product/f/i/file_39212.jpg;0;autor:Eustachy Rylski 
435;SPA pod Czerwoną Latarnią czyli sanus per sex autor: Kasia Kropka;polska;1;1;18;zł;18.41;1;0;1;http://www.matras.pl/media/catalog/product/s/p/spa_pod_czerwona_latarnia_czyli_sanus_per_sex_IMAGE1_97019.jpg;0;autor:Jan Grzegorczyk 
436;Zielony księżyc autor: Przemek Opłacki;polska;1;1;26;zł;32964;1;0;1;http://www.matras.pl/media/catalog/product/z/i/zielony_ksiezyc__IMAGE1_203840.jpg;0;autor:Zygmunt Krzyżanowski 
437;Most przez Styks autor: Zygmunt Krzyżanowski;polska;1;1;10;zł;45108;1;0;1;http://www.matras.pl/media/catalog/product/I/M/IMG1486968552625_16647_1.jpg;0;autor:Przemek Opłacki 
438;Piasek ze szkła autor: Joanna Szczepkowska;polska;1;1;46;zł;20.80;1;0;1;http://www.matras.pl/media/catalog/product/p/i/piasek_ze_szkla_IMAGE1_190297_5.jpg;0;autor:Joanna Szczepkowska 
439;Na Grobli autor: Eustachy Rylski;polska;1;1;45;zł;35643;1;0;1;http://www.matras.pl/media/catalog/product/n/a/na_grobli_IMAGE1_207890_6.jpg;0;autor:Kasia Kropka 
440;Adieu. Przypadki księdza Grosera autor: Jan Grzegorczyk;polska;1;1;60;zł;11567;1;0;1;http://www.matras.pl/media/catalog/product/a/d/adieu_przypadki_ksiedza_grosera_IMAGE1_99557_1.jpg;0;autor:Magdalena Kuydowicz 
441;SPA pod Czerwoną Latarnią czyli sanus per sex autor: Kasia Kropka;polska;1;1;48;zł;18.41;1;0;1;http://www.matras.pl/media/catalog/product/s/p/spa_pod_czerwona_latarnia_czyli_sanus_per_sex_IMAGE1_97019.jpg;0;autor:Jerzy Sosnowski 
442;Sen sów autor: Jerzy Sosnowski;polska;1;1;11;zł;33.38;1;0;1;http://www.matras.pl/media/catalog/product/4/c/4cef905343f0f7830c86270742e8b549_5.jpg;0;autor:Piotr Adamczyk 
443;Dom tęsknot autor: Piotr Adamczyk;polska;1;1;72;zł;29.27;1;0;1;http://www.matras.pl/media/catalog/product/4/8/481495ffff05b0ef02c4faf8b61cc019_2.jpg;0;autor:Wojciech Chmielewski 
444;Belweder gryzie w rękę autor: Wojciech Chmielewski;polska;1;1;87;zł;42760;1;0;1;http://www.matras.pl/media/catalog/product/I/M/IMG1499247975999_15733_3.jpg;0;autor:Anna Mandes-Tarasov 
445;Moje podróże z lotką autor: Jadwiga Szalewicz;polska;1;1;83;zł;37.56;1;0;1;http://www.matras.pl/media/catalog/product/I/M/IMG1498642619249_17577_2.jpg;0;autor:Jadwiga Szalewicz 
446;Czarna autor: Wojciech Kuczok;polska;1;1;100;zł;29.28;1;0;1;http://www.matras.pl/media/catalog/product/I/M/IMG1498564175675_53555_3.jpg;0;autor:Witold Gombrowicz 
447;Moje wielkie ruskie wesele autor: Anna Mandes-Tarasov;polska;1;1;31;zł;33.38;1;0;1;http://www.matras.pl/media/catalog/product/I/M/IMG1498641873727_35558_3.jpg;0;autor:Magdalena Kordel 
448;Córka wiatrów. Wilczy Dwór T.1 autor: Magdalena Kordel;polska;1;1;55;zł;30.87;1;0;1;http://www.matras.pl/media/catalog/product/I/M/IMG1497351368474_38019_6.jpg;0;autor:Jarosław Kamiński 
449;Trudna miłość autor: Gabriela Gargaś;polska;1;1;25;zł;29.24;1;0;1;http://www.matras.pl/media/catalog/product/I/M/IMG1491383691156_21745_4.jpg;0;autor:Anna Rychter 
450;Łzy nocy autor: Anna Rychter;polska;1;1;33;zł;26.77;1;0;1;http://www.matras.pl/media/catalog/product/I/M/IMG1491378786468_79436_5.jpg;0;autor:Gabriela Gargaś 
451;Tekturowy samolot autor: Andrzej Stasiuk;polska;1;1;8;zł;33.38;1;0;1;http://www.matras.pl/media/catalog/product/I/M/IMG1489063405843_5774_42.jpg;0;autor:Agnieszka Borys 
452;Do Lolelaj autor: Bartosz Żurawiecki;polska;1;1;60;zł;28.44;1;0;1;http://www.matras.pl/media/catalog/product/I/M/IMG1486709482140_30607_4.jpg;0;autor:Barbara Rybałkowska 
453;Rok królika autor: Joanna Bator;polska;1;1;34;zł;37.56;1;0;1;http://www.matras.pl/media/catalog/product/5/b/5b40f3c49c8aa36b1879d4d373852082_5.jpg;0;autor:Andrzej Stasiuk 
454;Perła. Afrykański przypadek księdza Grosera  autor: Jan Grzegorczyk;polska;1;1;84;zł;29.20;1;0;1;http://www.matras.pl/media/catalog/product/a/a/aa85806475150e96f75b9552f9f7178f_3.jpg;0;autor:Iwona Żytkowiak 
455;Wojna polsko-ruska pod flagą biało-czerwoną autor: Dorota Masłowska;polska;1;1;38;zł;24.26;1;0;1;http://www.matras.pl/media/catalog/product/1/4/1450dce443caa7d1aaf90f0a0f13c7ee_2.jpg;0;autor:Bartosz Żurawiecki 
456;Król autor: Szczepan Twardoch;polska;1;1;49;zł;33.68;1;0;1;http://www.matras.pl/media/catalog/product/I/M/IMG1474281836363_59290_7.jpg;0;autor:Peter Ackroyd 
457;Karmelowa jesień autor: Aleksandra Tyl;polska;1;1;18;zł;33.38;1;0;1;http://www.matras.pl/media/catalog/product/4/6/4615983fb9b749092fbc2ca7a661342e_5.JPG;0;autor:Piotr Gajdziński 
458;Drobna zmiana autor: Marcin Świetlicki;polska;1;1;74;zł;25.38;1;0;1;http://www.matras.pl/media/catalog/product/I/M/IMG1473686357875_10914_4.jpg;0;autor:Joanna Bator 
459;Gorzka pomarańcza autor: Nadia Hamid;polska;1;1;4;zł;16.65;1;0;1;http://www.matras.pl/media/catalog/product/0/4/04650016d8dbefdff9a63955ed0229b8_5.jpg;0;autor:Jan Grzegorczyk 
460;Ta. którą znam autor: Małgorzata Warda;polska;1;1;20;zł;29.28;1;0;1;http://www.matras.pl/media/catalog/product/I/M/IMG1492694965821_67299.jpg;0;autor:Dorota Masłowska 
